over_id,over_overNumber,over_runrate,over_runsConceded,over_wickets,over_runsExtras,over_totalInningRuns,over_totalInningWickets,over_totalRuns,id,matchName,fixtureId,fixtureName,inningNumber,battingTeamId,battingTeamName,bowlingTeamId,bowlingTeamName,ball_id,ballDateTime,ballNumber,totalBallNumber,isWicket,bowlerPlayerId,bowlerPlayerName,battingPlayerId,battingPlayerName,nonStrikeBattingPlayerId,nonStrikeBattingPlayerName,shotAngle,shotMagnitude,battingHandId,fieldingPosition,runsConceded,extras,runs,runsScored,lengthTypeId,lineTypeId,battingConnectionId,battingFeetId,battingShotTypeId,bowlingDetailId,bowlingFromId,bowlingTypeId,bowlingHandId,outcomeId,referralOutcomeId,noBallReasonId,isWide,isNoBall,isByes,isLegByes,isAirControlled,isAppeal,isFreeHit,isNewBall,isPowerPlay,isBattingPowerPlay,isFloodLit,isReferred,teamRuns,runsByes,runsWide,runsLegByes,noBallsCount,isBoundry,isAirNotControlled,dismissalTypeId,dismissalPlayerId,dismissalPlayerName,dismissalType,appealDismissalTypeId,decisionOfficialId
1629989,2,4.5,9,0,0,9,1,9,76089,,40908,Study NT Top End T20 Series,1,1493,Nepal A,1488,NT Strike,8704924,2026-08-21T08:35:52Z,1,7,False,21967,Sam Barker,21942,Trit Raj Das,6861,Anil Sah,185.0,132.0,Right,Deep Cover,2,0,2,2,LengthBall,OffStump,None,FrontFoot,ForwardDefensive,NoMovement,Over,Medium,Left,Null,NotReferred,Null,False,False,False,False,False,True,False,False,True,False,False,False,2,0,0,0,0,False,False,,,,,,
1629989,2,4.5,9,0,0,9,1,9,76089,,40908,Study NT Top End T20 Series,1,1493,Nepal A,1488,NT Strike,8704926,2026-08-21T08:36:34Z,2,8,False,21967,Sam Barker,21942,Trit Raj Das,6861,Anil Sah,218.0,176.0,Right,,4,0,4,4,HalfVolley,OffStump,WellTimed,FrontFoot,Drive,NoMovement,Over,Medium,Left,Null,NotReferred,Null,False,False,False,False,False,True,False,False,True,False,False,False,4,0,0,0,0,True,False,,,,,,
1629989,2,4.5,9,0,0,9,1,9,76089,,40908,Study NT Top End T20 Series,1,1493,Nepal A,1488,NT Strike,8704928,2026-08-21T08:37:22Z,3,9,False,21967,Sam Barker,21942,Trit Raj Das,6861,Anil Sah,0.0,0.0,Right,Wicketkeeper,1,1,1,0,LengthBall,DownLeg,Left,BackFoot,Glance,NoMovement,Over,Medium,Left,Null,NotReferred,Null,True,False,False,False,False,True,False,False,True,False,False,False,1,0,1,0,0,False,False,,,,,,
1629989,2,4.5,9,0,0,9,1,9,76089,,40908,Study NT Top End T20 Series,1,1493,Nepal A,1488,NT Strike,8704930,2026-08-21T08:37:58Z,3,10,False,21967,Sam Barker,21942,Trit Raj Das,6861,Anil Sah,0.0,0.0,Right,Bowler,0,0,0,0,BackOfALength,LegStump,None,BackFoot,Worked,NoMovement,Over,Medium,Left,Null,NotReferred,Null,False,False,False,False,False,True,False,False,True,False,False,False,0,0,0,0,0,False,False,,,,,,
1629989,2,4.5,9,0,0,9,1,9,76089,,40908,Study NT Top End T20 Series,1,1493,Nepal A,1488,NT Strike,8704932,2026-08-21T08:38:38Z,4,11,False,21967,Sam Barker,21942,Trit Raj Das,6861,Anil Sah,157.0,71.0,Right,Backward Point,0,0,0,0,LengthBall,MiddleStump,None,FrontFoot,Drive,NoMovement,Over,Medium,Left,Null,NotReferred,Null,False,False,False,False,False,True,False,False,True,False,False,False,0,0,0,0,0,False,False,,,,,,
1629989,2,4.5,9,0,0,9,1,9,76089,,40908,Study NT Top End T20 Series,1,1493,Nepal A,1488,NT Strike,8704933,2026-08-21T08:39:17Z,5,12,False,21967,Sam Barker,21942,Trit Raj Das,6861,Anil Sah,189.0,56.0,Right,Cover,0,0,0,0,LengthBall,MiddleStump,None,BackFoot,Dropped,NoMovement,Over,Medium,Left,Null,NotReferred,Null,False,False,False,False,False,True,False,False,True,False,False,False,0,0,0,0,0,False,False,,,,,,
1629989,2,4.5,9,0,0,9,1,9,76089,,40908,Study NT Top End T20 Series,1,1493,Nepal A,1488,NT Strike,8704936,2026-08-21T08:40:24Z,6,13,False,21967,Sam Barker,21942,Trit Raj Das,6861,Anil Sah,55.0,138.0,Right,Fine Leg,2,0,2,2,BackOfALength,DownLeg,MisTimed,BackFoot,Glance,NoMovement,Over,Medium,Left,Null,NotReferred,Null,False,False,False,False,False,True,False,False,True,False,False,False,2,0,0,0,0,False,False,,,,,,
1629992,3,7.67,14,0,0,23,1,14,76089,,40908,Study NT Top End T20 Series,1,1493,Nepal A,1488,NT Strike,8704938,2026-08-21T08:41:19Z,1,14,False,13929,Tom Menzies,6861,Anil Sah,21942,Trit Raj Das,304.0,69.0,Right,Mid Wicket,0,0,0,0,LengthBall,OutsideOff,None,BackFoot,Worked,NoMovement,Over,Medium,Right,Null,NotReferred,Null,False,False,False,False,False,True,False,False,True,False,False,False,0,0,0,0,0,False,False,,,,,,
1629992,3,7.67,14,0,0,23,1,14,76089,,40908,Study NT Top End T20 Series,1,1493,Nepal A,1488,NT Strike,8704940,2026-08-21T08:41:55Z,2,15,False,13929,Tom Menzies,6861,Anil Sah,21942,Trit Raj Das,184.0,79.0,Right,Cover,1,0,1,1,HalfVolley,OffStump,None,DownTheTrack,Pushed,NoMovement,Over,Medium,Right,Null,NotReferred,Null,False,False,False,False,False,True,False,False,True,False,False,False,1,0,0,0,0,False,False,,,,,,
1629992,3,7.67,14,0,0,23,1,14,76089,,40908,Study NT Top End T20 Series,1,1493,Nepal A,1488,NT Strike,8704942,2026-08-21T08:42:39Z,3,16,False,13929,Tom Menzies,21942,Trit Raj Das,6861,Anil Sah,0.0,0.0,Right,Wicketkeeper,1,1,1,0,HalfVolley,Wide,Missed,FrontFoot,Drive,NoMovement,Over,Medium,Right,Null,NotReferred,Null,True,False,False,False,False,True,False,False,True,False,False,False,1,0,1,0,0,False,False,,,,,,
1629992,3,7.67,14,0,0,23,1,14,76089,,40908,Study NT Top End T20 Series,1,1493,Nepal A,1488,NT Strike,8704944,2026-08-21T08:43:17Z,3,17,False,13929,Tom Menzies,21942,Trit Raj Das,6861,Anil Sah,198.0,173.0,Right,,4,0,4,4,HalfVolley,OutsideOff,WellTimed,FrontFoot,Drive,NoMovement,Over,Medium,Right,Null,NotReferred,Null,False,False,False,False,False,True,False,False,True,False,False,False,4,0,0,0,0,True,False,,,,,,
1629992,3,7.67,14,0,0,23,1,14,76089,,40908,Study NT Top End T20 Series,1,1493,Nepal A,1488,NT Strike,8704945,2026-08-21T08:44:08Z,4,18,False,13929,Tom Menzies,21942,Trit Raj Das,6861,Anil Sah,166.0,145.0,Right,Deep Backward Point,1,0,1,1,BackOfALength,OutsideOff,WellTimed,BackFoot,Cut,NoMovement,Over,Medium,Right,Null,NotReferred,Null,False,False,False,False,False,True,False,False,True,False,False,False,1,0,0,0,0,False,False,,,,,,
1629992,3,7.67,14,0,0,23,1,14,76089,,40908,Study NT Top End T20 Series,1,1493,Nepal A,1488,NT Strike,8704947,2026-08-21T08:44:43Z,5,19,False,13929,Tom Menzies,6861,Anil Sah,21942,Trit Raj Das,262.0,180.0,Right,,4,0,4,4,LengthBall,OutsideOff,WellTimed,FrontFoot,Drive,NoMovement,Over,Medium,Right,Null,NotReferred,Null,False,False,False,False,False,True,False,False,True,False,False,False,4,0,0,0,0,True,False,,,,,,
1629992,3,7.67,14,0,0,23,1,14,76089,,40908,Study NT Top End T20 Series,1,1493,Nepal A,1488,NT Strike,8704948,2026-08-21T08:45:24Z,6,20,False,13929,Tom Menzies,6861,Anil Sah,21942,Trit Raj Das,269.0,127.0,Right,Long Off,3,0,3,3,LengthBall,OutsideOff,MisTimed,FrontFoot,Slog,NoMovement,Over,Medium,Right,Null,NotReferred,Null,False,False,False,False,False,True,False,False,True,False,False,False,3,0,0,0,0,False,True,,,,,,
1629994,4,7.5,7,1,0,30,2,7,76089,,40908,Study NT Top End T20 Series,1,1493,Nepal A,1488,NT Strike,8704949,2026-08-21T08:47:05Z,1,21,False,21966,Will Blair,6861,Anil Sah,21942,Trit Raj Das,0.0,0.0,Right,Bowler,0,0,0,0,Yorker,OffStump,None,BackFoot,BackwardDefensive,NoMovement,Over,Medium,Right,Null,NotReferred,Null,False,False,False,False,False,True,False,False,True,False,False,False,0,0,0,0,0,False,False,,,,,,
1629994,4,7.5,7,1,0,30,2,7,76089,,40908,Study NT Top End T20 Series,1,1493,Nepal A,1488,NT Strike,8704950,2026-08-21T08:47:37Z,2,22,False,21966,Will Blair,6861,Anil Sah,21942,Trit Raj Das,24.0,166.0,Right,,6,0,6,6,FullToss,LegStump,WellTimed,FrontFoot,Flick,NoMovement,Over,Medium,Right,Null,NotReferred,Null,False,False,False,False,True,True,False,False,True,False,False,False,6,0,0,0,0,True,False,,,,,,
1629994,4,7.5,7,1,0,30,2,7,76089,,40908,Study NT Top End T20 Series,1,1493,Nepal A,1488,NT Strike,8704951,2026-08-21T08:48:21Z,3,23,False,21966,Will Blair,6861,Anil Sah,21942,Trit Raj Das,252.0,64.0,Right,Mid Off,0,0,0,0,HalfVolley,OutsideOff,None,BackFoot,Pushed,NoMovement,Over,Medium,Right,Null,NotReferred,Null,False,False,False,False,False,True,False,False,True,False,False,False,0,0,0,0,0,False,False,,,,,,
1629994,4,7.5,7,1,0,30,2,7,76089,,40908,Study NT Top End T20 Series,1,1493,Nepal A,1488,NT Strike,8704952,2026-08-21T08:48:55Z,4,24,False,21966,Will Blair,6861,Anil Sah,21942,Trit Raj Das,0.0,0.0,Right,Wicketkeeper,1,1,1,0,Beamer,WideDownLeg,PlayAndMissLegSide,FrontFoot,Flick,NoMovement,Over,Medium,Right,Null,NotReferred,Null,True,False,False,False,False,True,False,False,True,False,False,False,1,0,1,0,0,False,False,,,,,,
1629994,4,7.5,7,1,0,30,2,7,76089,,40908,Study NT Top End T20 Series,1,1493,Nepal A,1488,NT Strike,8704953,2026-08-21T08:49:27Z,4,25,True,21966,Will Blair,6861,Anil Sah,21942,Trit Raj Das,,,Right,,0,0,0,0,LengthBall,OutsideOff,Missed,FrontFoot,Slog,NoMovement,Over,Medium,Right,Null,NotReferred,Null,False,False,False,False,False,True,False,False,True,False,False,False,0,0,0,0,0,False,False,Bowled,6861.0,Anil Sah,Bowled,Bowled,2014.0
1629994,4,7.5,7,1,0,30,2,7,76089,,40908,Study NT Top End T20 Series,1,1493,Nepal A,1488,NT Strike,8704954,2026-08-21T08:51:21Z,5,26,False,21966,Will Blair,3556,Kushal Malla,21942,Trit Raj Das,0.0,0.0,Left,Wicketkeeper,0,0,0,0,Short,DownLeg,Left,NoMovement,Leave,NoMovement,Over,Medium,Right,Null,NotReferred,Null,False,False,False,False,False,True,False,False,True,False,False,False,0,0,0,0,0,False,False,,,,,,
1629994,4,7.5,7,1,0,30,2,7,76089,,40908,Study NT Top End T20 Series,1,1493,Nepal A,1488,NT Strike,8704955,2026-08-21T08:51:55Z,6,27,False,21966,Will Blair,3556,Kushal Malla,21942,Trit Raj Das,0.0,0.0,Left,Wicketkeeper,0,0,0,0,BackOfALength,LegStump,Missed,BackFoot,Cut,NoMovement,Over,Medium,Right,Null,NotReferred,Null,False,False,False,False,False,True,False,False,True,False,False,False,0,0,0,0,0,False,False,,,,,,
1629995,5,6.4,2,1,0,32,3,2,76089,,40908,Study NT Top End T20 Series,1,1493,Nepal A,1488,NT Strike,8704956,2026-08-21T08:53:12Z,1,28,True,21975,Hamish Martin,21942,Trit Raj Das,3556,Kushal Malla,,,Right,Wicketkeeper,0,0,0,0,LengthBall,OffStump,InsideEdge,FrontFoot,ForwardDefensive,StockBall,Over,Orthodox,Left,Null,NotReferred,Null,False,False,False,False,False,True,False,False,False,False,False,False,0,0,0,0,0,False,False,Bowled,21942.0,Trit Raj Das,Bowled,Bowled,
1629995,5,6.4,2,1,0,32,3,2,76089,,40908,Study NT Top End T20 Series,1,1493,Nepal A,1488,NT Strike,8704957,2026-08-21T08:55:36Z,2,29,False,21975,Hamish Martin,2233,Pawan Sarraf,3556,Kushal Malla,211.0,133.0,,Deep Mid Wicket,1,0,1,1,HalfVolley,OutsideOff,None,FrontFoot,Drive,StockBall,Over,Orthodox,Left,Null,NotReferred,Null,False,False,False,False,False,True,False,False,False,False,False,False,1,0,0,0,0,False,False,,,,,,
1629995,5,6.4,2,1,0,32,3,2,76089,,40908,Study NT Top End T20 Series,1,1493,Nepal A,1488,NT Strike,8704958,2026-08-21T08:56:01Z,3,30,False,21975,Hamish Martin,3556,Kushal Malla,2233,Pawan Sarraf,300.0,119.0,Left,Long Off,1,0,1,1,LengthBall,OutsideOff,None,FrontFoot,Drive,StockBall,Over,Orthodox,Left,Null,NotReferred,Null,False,False,False,False,False,True,False,False,False,False,False,False,1,0,0,0,0,False,False,,,,,,
1629995,5,6.4,2,1,0,32,3,2,76089,,40908,Study NT Top End T20 Series,1,1493,Nepal A,1488,NT Strike,8704959,2026-08-21T08:56:30Z,4,31,False,21975,Hamish Martin,2233,Pawan Sarraf,3556,Kushal Malla,,,Right,Bowler,0,0,0,0,LengthBall,OutsideOff,None,FrontFoot,ForwardDefensive,StockBall,Round,Orthodox,Left,Null,NotReferred,Null,False,False,False,False,False,True,False,False,False,False,False,False,0,0,0,0,0,False,False,,,,,,
1629995,5,6.4,2,1,0,32,3,2,76089,,40908,Study NT Top End T20 Series,1,1493,Nepal A,1488,NT Strike,8704960,2026-08-21T08:56:47Z,5,32,False,21975,Hamish Martin,2233,Pawan Sarraf,3556,Kushal Malla,222.0,58.0,,Extra Cover,0,0,0,0,LengthBall,OutsideOff,None,FrontFoot,ForwardDefensive,StockBall,Round,Orthodox,Left,Null,NotReferred,Null,False,False,False,False,False,True,False,False,False,False,False,False,0,0,0,0,0,False,False,,,,,,
1629995,5,6.4,2,1,0,32,3,2,76089,,40908,Study NT Top End T20 Series,1,1493,Nepal A,1488,NT Strike,8704961,2026-08-21T08:57:09Z,6,33,False,21975,Hamish Martin,2233,Pawan Sarraf,3556,Kushal Malla,,,,Bowler,0,0,0,0,LengthBall,OutsideOff,None,FrontFoot,Pushed,StockBall,Round,Orthodox,Left,Null,NotReferred,Null,False,False,False,False,False,True,False,False,False,False,False,False,0,0,0,0,0,False,False,,,,,,
1629996,6,5.83,3,0,0,35,3,3,76089,,40908,Study NT Top End T20 Series,1,1493,Nepal A,1488,NT Strike,8704962,2026-08-21T08:58:20Z,1,34,False,21969,Matt Hammond,3556,Kushal Malla,2233,Pawan Sarraf,305.0,86.0,Left,Extra Cover,0,0,0,0,LengthBall,OutsideOff,None,FrontFoot,Pushed,OffBreak,Round,OffSpin,Right,Null,NotReferred,Null,False,False,False,False,False,True,False,False,False,False,False,False,0,0,0,0,0,False,False,,,,,,
1629996,6,5.83,3,0,0,35,3,3,76089,,40908,Study NT Top End T20 Series,1,1493,Nepal A,1488,NT Strike,8704963,2026-08-21T08:58:35Z,2,35,False,21969,Matt Hammond,3556,Kushal Malla,2233,Pawan Sarraf,231.0,94.0,Left,Mid Wicket,1,0,1,1,BackOfALength,OutsideOff,None,BackFoot,Worked,OffBreak,Round,OffSpin,Right,Null,NotReferred,Null,False,False,False,False,False,True,False,False,False,False,False,False,1,0,0,0,0,False,False,,,,,,
1629996,6,5.83,3,0,0,35,3,3,76089,,40908,Study NT Top End T20 Series,1,1493,Nepal A,1488,NT Strike,8704964,2026-08-21T08:59:21Z,3,36,False,21969,Matt Hammond,2233,Pawan Sarraf,3556,Kushal Malla,,,Right,Bowler,0,0,0,0,LengthBall,OutsideOff,None,BackFoot,BackwardDefensive,OffBreak,Over,OffSpin,Right,Null,NotReferred,Null,False,False,False,False,False,True,False,False,False,False,False,False,0,0,0,0,0,False,False,,,,,,
1629996,6,5.83,3,0,0,35,3,3,76089,,40908,Study NT Top End T20 Series,1,1493,Nepal A,1488,NT Strike,8704965,2026-08-21T08:59:35Z,4,37,False,21969,Matt Hammond,2233,Pawan Sarraf,3556,Kushal Malla,191.0,136.0,Right,Deep Cover,1,0,1,1,BackOfALength,OutsideOff,None,BackFoot,Drive,LegSpinner,Over,OffSpin,Right,Null,NotReferred,Null,False,False,False,False,False,True,False,False,False,False,False,False,1,0,0,0,0,False,False,,,,,,
1629996,6,5.83,3,0,0,35,3,3,76089,,40908,Study NT Top End T20 Series,1,1493,Nepal A,1488,NT Strike,8704966,2026-08-21T09:00:03Z,5,38,False,21969,Matt Hammond,3556,Kushal Malla,2233,Pawan Sarraf,,,Left,Bowler,0,0,0,0,BackOfALength,OutsideOff,None,BackFoot,Pushed,OffBreak,Round,OffSpin,Right,Null,NotReferred,Null,False,False,False,False,False,True,False,False,False,False,False,False,0,0,0,0,0,False,False,,,,,,
1629996,6,5.83,3,0,0,35,3,3,76089,,40908,Study NT Top End T20 Series,1,1493,Nepal A,1488,NT Strike,8704967,2026-08-21T09:00:22Z,6,39,False,21969,Matt Hammond,3556,Kushal Malla,2233,Pawan Sarraf,218.0,110.0,Left,Deep Mid Wicket,1,0,1,1,LengthBall,OutsideOff,None,BackFoot,Worked,OffBreak,Round,OffSpin,Right,Null,NotReferred,Null,False,False,False,False,False,True,False,False,False,False,False,False,1,0,0,0,0,False,False,,,,,,
1629998,7,5.71,5,0,0,40,3,5,76089,,40908,Study NT Top End T20 Series,1,1493,Nepal A,1488,NT Strike,8704968,2026-08-21T09:01:34Z,1,40,False,286,D'Arcy Short,3556,Kushal Malla,2233,Pawan Sarraf,318.0,66.0,Left,Extra Cover,1,0,1,1,LengthBall,OutsideOff,None,FrontFoot,Drive,LeftArmLegspin,Over,Unorthodox,Left,Null,NotReferred,Null,False,False,False,False,False,True,False,False,False,False,False,False,1,0,0,0,0,False,False,,,,,,
1629998,7,5.71,5,0,0,40,3,5,76089,,40908,Study NT Top End T20 Series,1,1493,Nepal A,1488,NT Strike,8704969,2026-08-21T09:01:52Z,2,41,False,286,D'Arcy Short,2233,Pawan Sarraf,3556,Kushal Malla,358.0,133.0,Right,Deep Square Leg,1,0,1,1,LengthBall,DownLeg,None,BackFoot,Worked,LeftArmLegspin,Over,Unorthodox,Left,Null,NotReferred,Null,False,False,False,False,False,True,False,False,False,False,False,False,1,0,0,0,0,False,False,,,,,,
1629998,7,5.71,5,0,0,40,3,5,76089,,40908,Study NT Top End T20 Series,1,1493,Nepal A,1488,NT Strike,8704970,2026-08-21T09:02:16Z,3,42,False,286,D'Arcy Short,3556,Kushal Malla,2233,Pawan Sarraf,222.0,122.0,Left,Deep Mid Wicket,1,0,1,1,BackOfALength,OutsideOff,None,BackFoot,Worked,Googly,Over,Unorthodox,Left,Null,NotReferred,Null,False,False,False,False,False,True,False,False,False,False,False,False,1,0,0,0,0,False,False,,,,,,
1629998,7,5.71,5,0,0,40,3,5,76089,,40908,Study NT Top End T20 Series,1,1493,Nepal A,1488,NT Strike,8704971,2026-08-21T09:02:37Z,4,43,False,286,D'Arcy Short,2233,Pawan Sarraf,3556,Kushal Malla,,,Right,Wicketkeeper,0,0,0,0,BackOfALength,OutsideOff,Left,BackFoot,Leave,LeftArmLegspin,Over,Unorthodox,Left,Null,NotReferred,Null,False,False,False,False,False,True,False,False,False,False,False,False,0,0,0,0,0,False,False,,,,,,
1629998,7,5.71,5,0,0,40,3,5,76089,,40908,Study NT Top End T20 Series,1,1493,Nepal A,1488,NT Strike,8704972,2026-08-21T09:02:57Z,5,44,False,286,D'Arcy Short,2233,Pawan Sarraf,3556,Kushal Malla,15.0,133.0,Right,Deep Backward Square Leg,1,0,1,1,FullToss,MiddleStump,None,BackFoot,Worked,LeftArmLegspin,Over,Unorthodox,Left,Null,NotReferred,Null,False,False,False,False,False,True,False,False,False,False,False,False,1,0,0,0,0,False,False,,,,,,
1629998,7,5.71,5,0,0,40,3,5,76089,,40908,Study NT Top End T20 Series,1,1493,Nepal A,1488,NT Strike,8704973,2026-08-21T09:03:21Z,6,45,False,286,D'Arcy Short,3556,Kushal Malla,2233,Pawan Sarraf,18.0,73.0,Left,Backward Point,1,0,1,1,BackOfALength,MiddleStump,None,BackFoot,Worked,LeftArmLegspin,Over,Unorthodox,Left,Null,NotReferred,Null,False,False,False,False,False,True,False,False,False,False,False,False,1,0,0,0,0,False,False,,,,,,
1629999,8,5.5,4,0,0,44,3,4,76089,,40908,Study NT Top End T20 Series,1,1493,Nepal A,1488,NT Strike,8704974,2026-08-21T09:04:44Z,1,46,False,21974,Reiley Mark,3556,Kushal Malla,2233,Pawan Sarraf,299.0,145.0,Left,Long Off,1,0,1,1,LengthBall,OutsideOff,None,FrontFoot,Drive,OffBreak,Round,OffSpin,Right,Null,NotReferred,Null,False,False,False,False,False,True,False,False,False,False,False,False,1,0,0,0,0,False,False,,,,,,
1629999,8,5.5,4,0,0,44,3,4,76089,,40908,Study NT Top End T20 Series,1,1493,Nepal A,1488,NT Strike,8704975,2026-08-21T09:05:14Z,2,47,False,21974,Reiley Mark,2233,Pawan Sarraf,3556,Kushal Malla,343.0,142.0,Right,Deep Square Leg,1,0,1,1,HalfVolley,LegStump,None,FrontFoot,Flick,OffBreak,Over,OffSpin,Right,Null,NotReferred,Null,False,False,False,False,True,True,False,False,False,False,False,False,1,0,0,0,0,False,False,,,,,,
1629999,8,5.5,4,0,0,44,3,4,76089,,40908,Study NT Top End T20 Series,1,1493,Nepal A,1488,NT Strike,8704976,2026-08-21T09:05:43Z,3,48,False,21974,Reiley Mark,3556,Kushal Malla,2233,Pawan Sarraf,322.0,132.0,Left,Deep Extra Cover,1,0,1,1,BackOfALength,OutsideOff,None,BackFoot,Drive,OffBreak,Round,OffSpin,Right,Null,NotReferred,Null,False,False,False,False,False,True,False,False,False,False,False,False,1,0,0,0,0,False,False,,,,,,
1629999,8,5.5,4,0,0,44,3,4,76089,,40908,Study NT Top End T20 Series,1,1493,Nepal A,1488,NT Strike,8704977,2026-08-21T09:06:22Z,4,49,False,21974,Reiley Mark,2233,Pawan Sarraf,3556,Kushal Malla,,,Right,,0,0,0,0,BackOfALength,OutsideOff,None,BacksAway,Pushed,OffBreak,Over,OffSpin,Right,Null,NotReferred,Null,False,False,False,False,False,True,False,False,False,False,False,False,0,0,0,0,0,False,False,,,,,,
1629999,8,5.5,4,0,0,44,3,4,76089,,40908,Study NT Top End T20 Series,1,1493,Nepal A,1488,NT Strike,8704978,2026-08-21T09:06:44Z,5,50,False,21974,Reiley Mark,2233,Pawan Sarraf,3556,Kushal Malla,234.0,142.0,Right,Deep Extra Cover,1,0,1,1,BackOfALength,LegStump,None,BackFoot,Drive,OffBreak,Round,OffSpin,Right,Null,NotReferred,Null,False,False,False,False,False,True,False,False,False,False,False,False,1,0,0,0,0,False,False,,,,,,
1629999,8,5.5,4,0,0,44,3,4,76089,,40908,Study NT Top End T20 Series,1,1493,Nepal A,1488,NT Strike,8704979,2026-08-21T09:07:13Z,6,51,False,21974,Reiley Mark,3556,Kushal Malla,2233,Pawan Sarraf,359.0,85.0,Left,Point,0,0,0,0,HalfVolley,OffStump,None,FrontFoot,Drive,OffBreak,Round,OffSpin,Right,Null,NotReferred,Null,False,False,False,False,False,True,False,False,False,False,False,False,0,0,0,0,0,False,False,,,,,,
1630000,9,5.33,4,1,0,48,4,4,76089,,40908,Study NT Top End T20 Series,1,1493,Nepal A,1488,NT Strike,8704980,2026-08-21T09:08:10Z,1,52,False,21975,Hamish Martin,2233,Pawan Sarraf,3556,Kushal Malla,334.0,166.0,Right,Deep Square Leg,1,0,1,1,LengthBall,MiddleStump,None,FrontFoot,SlogSweep,StockBall,Over,Orthodox,Left,Null,NotReferred,Null,False,False,False,False,True,True,False,False,False,False,False,False,1,0,0,0,0,False,False,,,,,,
1630000,9,5.33,4,1,0,48,4,4,76089,,40908,Study NT Top End T20 Series,1,1493,Nepal A,1488,NT Strike,8704981,2026-08-21T09:09:11Z,2,53,False,21975,Hamish Martin,3556,Kushal Malla,2233,Pawan Sarraf,,,Left,Wicketkeeper,0,0,0,0,BackOfALength,Wide,Missed,BackFoot,Cut,StockBall,Over,Orthodox,Left,Null,NotReferred,Null,False,False,False,False,False,True,False,False,False,False,False,False,0,0,0,0,0,False,False,,,,,,
1630000,9,5.33,4,1,0,48,4,4,76089,,40908,Study NT Top End T20 Series,1,1493,Nepal A,1488,NT Strike,8704982,2026-08-21T09:09:22Z,3,54,True,21975,Hamish Martin,3556,Kushal Malla,2233,Pawan Sarraf,236.0,146.0,Left,Deep Mid Wicket,1,0,1,1,BackOfALength,OutsideOff,None,BackFoot,Worked,StockBall,Over,Orthodox,Left,Null,NotReferred,Null,False,False,False,False,False,True,False,False,False,False,False,False,1,0,0,0,0,False,False,RunOut,3556.0,Kushal Malla,Run out,RunOut,2014.0
1630000,9,5.33,4,1,0,48,4,4,76089,,40908,Study NT Top End T20 Series,1,1493,Nepal A,1488,NT Strike,8704983,2026-08-21T09:11:22Z,4,55,False,21975,Hamish Martin,7808,Lokesh Bam,2233,Pawan Sarraf,23.0,64.0,Right,Backward Square Leg,1,0,1,1,LengthBall,OutsideOff,InsideEdge,FrontFoot,ForwardDefensive,StockBall,Round,Orthodox,Left,Null,NotReferred,Null,False,False,False,False,False,True,False,False,False,False,False,False,1,0,0,0,0,False,False,,,,,,
1630000,9,5.33,4,1,0,48,4,4,76089,,40908,Study NT Top End T20 Series,1,1493,Nepal A,1488,NT Strike,8704984,2026-08-21T09:11:53Z,5,56,False,21975,Hamish Martin,2233,Pawan Sarraf,7808,Lokesh Bam,207.0,149.0,Right,Deep Cover,1,0,1,1,LengthBall,OutsideOff,None,FrontFoot,Drive,StockBall,Over,Orthodox,Left,Null,NotReferred,Null,False,False,False,False,False,True,False,False,False,False,False,False,1,0,0,0,0,False,False,,,,,,
1630000,9,5.33,4,1,0,48,4,4,76089,,40908,Study NT Top End T20 Series,1,1493,Nepal A,1488,NT Strike,8704985,2026-08-21T09:12:17Z,6,57,False,21975,Hamish Martin,7808,Lokesh Bam,2233,Pawan Sarraf,0.0,0.0,Right,Bowler,0,0,0,0,LengthBall,Wide,None,FrontFoot,Pushed,StockBall,Round,Orthodox,Left,Null,NotReferred,Null,False,False,False,False,False,True,False,False,False,False,False,False,0,0,0,0,0,False,False,,,,,,
1630001,10,5.2,4,0,0,52,4,4,76089,,40908,Study NT Top End T20 Series,1,1493,Nepal A,1488,NT Strike,8704986,2026-08-21T09:13:19Z,1,58,False,21969,Matt Hammond,2233,Pawan Sarraf,7808,Lokesh Bam,343.0,136.0,Right,Deep Square Leg,1,0,1,1,LengthBall,OffStump,None,FrontFoot,Worked,OffBreak,Over,OffSpin,Right,Null,NotReferred,Null,False,False,False,False,False,True,False,False,False,False,False,False,1,0,0,0,0,False,False,,,,,,
1630001,10,5.2,4,0,0,52,4,4,76089,,40908,Study NT Top End T20 Series,1,1493,Nepal A,1488,NT Strike,8704987,2026-08-21T09:13:45Z,2,59,False,21969,Matt Hammond,7808,Lokesh Bam,2233,Pawan Sarraf,217.0,81.0,Right,Extra Cover,1,0,1,1,BackOfALength,OutsideOff,None,BackFoot,Pushed,OffBreak,Over,OffSpin,Right,Null,NotReferred,Null,False,False,False,False,False,True,False,False,False,False,False,False,1,0,0,0,0,False,False,,,,,,
1630001,10,5.2,4,0,0,52,4,4,76089,,40908,Study NT Top End T20 Series,1,1493,Nepal A,1488,NT Strike,8704988,2026-08-21T09:14:08Z,3,60,False,21969,Matt Hammond,2233,Pawan Sarraf,7808,Lokesh Bam,0.0,0.0,Right,Wicketkeeper,0,0,0,0,LengthBall,OutsideOff,Missed,FrontFoot,Pushed,OffBreak,Over,OffSpin,Right,Null,NotReferred,Null,False,False,False,False,False,True,False,False,False,False,False,False,0,0,0,0,0,False,False,,,,,,
1630001,10,5.2,4,0,0,52,4,4,76089,,40908,Study NT Top End T20 Series,1,1493,Nepal A,1488,NT Strike,8704989,2026-08-21T09:14:27Z,4,61,False,21969,Matt Hammond,2233,Pawan Sarraf,7808,Lokesh Bam,21.0,136.0,Right,Deep Backward Square Leg,2,0,2,2,BackOfALength,OffStump,None,BackFoot,Flick,OffBreak,Over,OffSpin,Right,Null,NotReferred,Null,False,False,False,False,True,True,False,False,False,False,False,False,2,0,0,0,0,False,False,,,,,,
1630001,10,5.2,4,0,0,52,4,4,76089,,40908,Study NT Top End T20 Series,1,1493,Nepal A,1488,NT Strike,8704990,2026-08-21T09:14:54Z,5,62,False,21969,Matt Hammond,2233,Pawan Sarraf,7808,Lokesh Bam,212.0,65.0,Right,Extra Cover,0,0,0,0,LengthBall,OutsideOff,None,FrontFoot,Pushed,OffBreak,Over,OffSpin,Right,Null,NotReferred,Null,False,False,False,False,False,True,False,False,False,False,False,False,0,0,0,0,0,False,False,,,,,,
1630001,10,5.2,4,0,0,52,4,4,76089,,40908,Study NT Top End T20 Series,1,1493,Nepal A,1488,NT Strike,8704991,2026-08-21T09:15:08Z,6,63,False,21969,Matt Hammond,2233,Pawan Sarraf,7808,Lokesh Bam,0.0,0.0,Right,Wicketkeeper,0,0,0,0,BackOfALength,OutsideOff,Missed,BackFoot,Cut,OffBreak,Over,OffSpin,Right,Null,NotReferred,Null,False,False,False,False,False,True,False,False,False,False,False,False,0,0,0,0,0,False,False,,,,,,
1630002,11,5.27,6,0,0,58,4,6,76089,,40908,Study NT Top End T20 Series,1,1493,Nepal A,1488,NT Strike,8704992,2026-08-21T09:16:04Z,1,64,False,286,D'Arcy Short,7808,Lokesh Bam,2233,Pawan Sarraf,318.0,59.0,Right,Mid Wicket,1,0,1,1,BackOfALength,OutsideOff,None,BackFoot,Worked,LeftArmLegspin,Over,Unorthodox,Left,Null,NotReferred,Null,False,False,False,False,False,True,False,False,False,False,False,False,1,0,0,0,0,False,False,,,,,,
1630002,11,5.27,6,0,0,58,4,6,76089,,40908,Study NT Top End T20 Series,1,1493,Nepal A,1488,NT Strike,8704993,2026-08-21T09:16:31Z,2,65,False,286,D'Arcy Short,2233,Pawan Sarraf,7808,Lokesh Bam,0.0,0.0,Right,Wicketkeeper,0,0,0,0,BackOfALength,OutsideOff,Missed,BackFoot,Cut,LeftArmLegspin,Over,Unorthodox,Left,Null,NotReferred,Null,False,False,False,False,False,True,False,False,False,False,False,False,0,0,0,0,0,False,False,,,,,,
1630002,11,5.27,6,0,0,58,4,6,76089,,40908,Study NT Top End T20 Series,1,1493,Nepal A,1488,NT Strike,8704994,2026-08-21T09:16:49Z,3,66,False,286,D'Arcy Short,2233,Pawan Sarraf,7808,Lokesh Bam,0.0,0.0,Right,Wicketkeeper,0,0,0,0,LengthBall,OutsideOff,Missed,FrontFoot,Sweep,LeftArmLegspin,Over,Unorthodox,Left,Null,NotReferred,Null,False,False,False,False,False,True,False,False,False,False,False,False,0,0,0,0,0,False,False,,,,,,
1630002,11,5.27,6,0,0,58,4,6,76089,,40908,Study NT Top End T20 Series,1,1493,Nepal A,1488,NT Strike,8704995,2026-08-21T09:17:09Z,4,67,False,286,D'Arcy Short,2233,Pawan Sarraf,7808,Lokesh Bam,13.0,147.0,Right,Deep Backward Square Leg,1,0,1,1,BackOfALength,DownLeg,None,BackFoot,Worked,LeftArmLegspin,Over,Unorthodox,Left,Null,NotReferred,Null,False,False,False,False,False,True,False,False,False,False,False,False,1,0,0,0,0,False,False,,,,,,
1630002,11,5.27,6,0,0,58,4,6,76089,,40908,Study NT Top End T20 Series,1,1493,Nepal A,1488,NT Strike,8704996,2026-08-21T09:17:32Z,5,68,False,286,D'Arcy Short,7808,Lokesh Bam,2233,Pawan Sarraf,139.0,41.0,Right,Wicketkeeper,0,0,0,0,LengthBall,Wide,Missed,MovesInfront,Sweep,LeftArmLegspin,Over,Unorthodox,Left,Null,NotReferred,Null,False,False,False,False,False,True,False,False,False,False,False,False,0,0,0,0,0,False,False,,,,,,
1630002,11,5.27,6,0,0,58,4,6,76089,,40908,Study NT Top End T20 Series,1,1493,Nepal A,1488,NT Strike,8704997,2026-08-21T09:17:50Z,6,69,False,286,D'Arcy Short,7808,Lokesh Bam,2233,Pawan Sarraf,171.0,168.0,Right,,4,0,4,4,LengthBall,LegStump,WellTimed,FrontFoot,SwitchHit,LeftArmLegspin,Over,Unorthodox,Left,Null,NotReferred,Null,False,False,False,False,False,True,False,False,False,False,False,False,4,0,0,0,0,True,False,,,,,,
1630003,12,5.42,7,0,0,65,4,7,76089,,40908,Study NT Top End T20 Series,1,1493,Nepal A,1488,NT Strike,8704998,2026-08-21T09:19:05Z,1,70,False,21974,Reiley Mark,2233,Pawan Sarraf,7808,Lokesh Bam,312.0,177.0,Right,,4,0,4,4,LengthBall,LegStump,WellTimed,FrontFoot,SlogSweep,OffBreak,Round,OffSpin,Right,Null,NotReferred,Null,False,False,False,False,True,True,False,False,False,False,False,False,4,0,0,0,0,True,False,,,,,,
1630003,12,5.42,7,0,0,65,4,7,76089,,40908,Study NT Top End T20 Series,1,1493,Nepal A,1488,NT Strike,8704999,2026-08-21T09:19:37Z,2,71,False,21974,Reiley Mark,2233,Pawan Sarraf,7808,Lokesh Bam,209.0,146.0,Right,Deep Cover,1,0,1,1,BackOfALength,DownLeg,None,BacksAway,Drive,OffBreak,Round,OffSpin,Right,Null,NotReferred,Null,False,False,False,False,False,True,False,False,False,False,False,False,1,0,0,0,0,False,False,,,,,,
1630003,12,5.42,7,0,0,65,4,7,76089,,40908,Study NT Top End T20 Series,1,1493,Nepal A,1488,NT Strike,8705000,2026-08-21T09:20:10Z,3,72,False,21974,Reiley Mark,7808,Lokesh Bam,2233,Pawan Sarraf,0.0,0.0,Right,Bowler,0,0,0,0,LengthBall,OutsideOff,None,FrontFoot,Worked,OffBreak,Over,OffSpin,Right,Null,NotReferred,Null,False,False,False,False,False,True,False,False,False,False,False,False,0,0,0,0,0,False,False,,,,,,
1630003,12,5.42,7,0,0,65,4,7,76089,,40908,Study NT Top End T20 Series,1,1493,Nepal A,1488,NT Strike,8705001,2026-08-21T09:20:27Z,4,73,False,21974,Reiley Mark,7808,Lokesh Bam,2233,Pawan Sarraf,42.0,17.0,Right,Short Fine Leg,0,0,0,0,LengthBall,OutsideOff,HitPad,MovesInfront,Sweep,OffBreak,Over,OffSpin,Right,Null,NotReferred,Null,False,False,False,False,False,True,False,False,False,False,False,False,0,0,0,0,0,False,False,,,,,,
1630003,12,5.42,7,0,0,65,4,7,76089,,40908,Study NT Top End T20 Series,1,1493,Nepal A,1488,NT Strike,8705002,2026-08-21T09:20:55Z,5,74,False,21974,Reiley Mark,7808,Lokesh Bam,2233,Pawan Sarraf,165.0,52.0,Right,Backward Point,0,0,0,0,BackOfALength,OutsideOff,None,BackFoot,Pushed,OffBreak,Over,OffSpin,Right,Null,NotReferred,Null,False,False,False,False,False,True,False,False,False,False,False,False,0,0,0,0,0,False,False,,,,,,
1630003,12,5.42,7,0,0,65,4,7,76089,,40908,Study NT Top End T20 Series,1,1493,Nepal A,1488,NT Strike,8705003,2026-08-21T09:21:23Z,6,75,False,21974,Reiley Mark,7808,Lokesh Bam,2233,Pawan Sarraf,329.0,153.0,Right,Deep Mid Wicket,2,0,2,2,LengthBall,OutsideOff,None,FrontFoot,Sweep,OffBreak,Over,OffSpin,Right,Null,NotReferred,Null,False,False,False,False,False,True,False,False,False,False,False,False,2,0,0,0,0,False,False,,,,,,
1630004,13,5.85,11,0,0,76,4,11,76089,,40908,Study NT Top End T20 Series,1,1493,Nepal A,1488,NT Strike,8705004,2026-08-21T09:23:25Z,1,76,False,21967,Sam Barker,2233,Pawan Sarraf,7808,Lokesh Bam,252.0,74.0,Right,Mid Off,0,0,0,0,HalfVolley,Wide,MisTimed,FrontFoot,Drive,NoMovement,Over,Medium,Left,Null,NotReferred,Null,False,False,False,False,False,True,False,False,False,False,False,False,0,0,0,0,0,False,False,,,,,,
1630004,13,5.85,11,0,0,76,4,11,76089,,40908,Study NT Top End T20 Series,1,1493,Nepal A,1488,NT Strike,8705005,2026-08-21T09:23:55Z,2,77,False,21967,Sam Barker,2233,Pawan Sarraf,7808,Lokesh Bam,0.0,0.0,Right,Wicketkeeper,0,0,0,0,LengthBall,DownLeg,Missed,FrontFoot,Slog,NoMovement,Over,Medium,Left,Null,NotReferred,Null,False,False,False,False,False,True,False,False,False,False,False,False,0,0,0,0,0,False,False,,,,,,
1630004,13,5.85,11,0,0,76,4,11,76089,,40908,Study NT Top End T20 Series,1,1493,Nepal A,1488,NT Strike,8705006,2026-08-21T09:24:41Z,3,78,False,21967,Sam Barker,2233,Pawan Sarraf,7808,Lokesh Bam,20.0,151.0,Right,Deep Backward Square Leg,1,0,1,1,LengthBall,LegStump,None,FrontFoot,Slog,NoMovement,Over,Medium,Left,Null,NotReferred,Null,False,False,False,False,False,True,False,False,False,False,False,False,1,0,0,0,0,False,False,,,,,,
1630004,13,5.85,11,0,0,76,4,11,76089,,40908,Study NT Top End T20 Series,1,1493,Nepal A,1488,NT Strike,8705007,2026-08-21T09:25:26Z,4,79,False,21967,Sam Barker,7808,Lokesh Bam,2233,Pawan Sarraf,224.0,177.0,Right,,6,0,6,6,Short,OffStump,Middled,DownTheTrack,Slog,NoMovement,Over,Medium,Left,Null,NotReferred,Null,False,False,False,False,True,True,False,False,False,False,False,False,6,0,0,0,0,True,False,,,,,,
1630004,13,5.85,11,0,0,76,4,11,76089,,40908,Study NT Top End T20 Series,1,1493,Nepal A,1488,NT Strike,8705008,2026-08-21T09:26:13Z,5,80,False,21967,Sam Barker,7808,Lokesh Bam,2233,Pawan Sarraf,0.0,0.0,Right,Wicketkeeper,1,1,1,0,HalfTracker,DownLeg,Left,SwayedAway,Leave,NoMovement,Over,Medium,Left,Null,NotReferred,Null,True,False,False,False,False,True,False,False,False,False,False,False,1,0,1,0,0,False,False,,,,,,
1630004,13,5.85,11,0,0,76,4,11,76089,,40908,Study NT Top End T20 Series,1,1493,Nepal A,1488,NT Strike,8705009,2026-08-21T09:26:54Z,5,81,False,21967,Sam Barker,7808,Lokesh Bam,2233,Pawan Sarraf,358.0,56.0,Right,Square Leg,1,0,1,1,LengthBall,DownLeg,None,FrontFoot,Worked,OffCutter,Over,Medium,Left,Null,NotReferred,Null,False,False,False,False,False,True,False,False,False,False,False,False,1,0,0,0,0,False,False,,,,,,
1630004,13,5.85,11,0,0,76,4,11,76089,,40908,Study NT Top End T20 Series,1,1493,Nepal A,1488,NT Strike,8705010,2026-08-21T09:27:38Z,6,82,False,21967,Sam Barker,2233,Pawan Sarraf,7808,Lokesh Bam,358.0,153.0,Right,Deep Square Leg,2,0,2,2,HalfVolley,DownLeg,None,FrontFoot,Flick,NoMovement,Over,Medium,Left,Null,NotReferred,Null,False,False,False,False,False,True,False,False,False,False,False,False,2,0,0,0,0,False,False,,,,,,
1630005,14,5.64,3,1,0,79,5,3,76089,,40908,Study NT Top End T20 Series,1,1493,Nepal A,1488,NT Strike,8705011,2026-08-21T09:28:56Z,1,83,True,21975,Hamish Martin,7808,Lokesh Bam,2233,Pawan Sarraf,,,Right,,0,0,0,0,LengthBall,MiddleStump,HitPad,FrontFoot,Flick,StockBall,Round,Orthodox,Left,Null,NotReferred,Null,False,False,False,False,False,True,False,False,False,False,False,False,0,0,0,0,0,False,False,Lbw,7808.0,Lokesh Bam,LBW,Lbw,2014.0
1630005,14,5.64,3,1,0,79,5,3,76089,,40908,Study NT Top End T20 Series,1,1493,Nepal A,1488,NT Strike,8705012,2026-08-21T09:30:53Z,2,84,False,21975,Hamish Martin,21945,Rashid Khan,2233,Pawan Sarraf,313.0,89.0,Right,Mid Wicket,1,0,1,1,HalfVolley,MiddleStump,None,FrontFoot,Worked,StockBall,Round,Orthodox,Left,Null,NotReferred,Null,False,False,False,False,False,True,False,False,False,False,False,False,1,0,0,0,0,False,False,,,,,,
1630005,14,5.64,3,1,0,79,5,3,76089,,40908,Study NT Top End T20 Series,1,1493,Nepal A,1488,NT Strike,8705013,2026-08-21T09:31:23Z,3,85,False,21975,Hamish Martin,2233,Pawan Sarraf,21945,Rashid Khan,0.0,0.0,Right,Bowler,0,0,0,0,LengthBall,OutsideOff,None,FrontFoot,ForwardDefensive,StockBall,Round,Orthodox,Left,Null,NotReferred,Null,False,False,False,False,False,True,False,False,False,False,False,False,0,0,0,0,0,False,False,,,,,,
1630005,14,5.64,3,1,0,79,5,3,76089,,40908,Study NT Top End T20 Series,1,1493,Nepal A,1488,NT Strike,8705014,2026-08-21T09:31:43Z,4,86,False,21975,Hamish Martin,2233,Pawan Sarraf,21945,Rashid Khan,246.0,126.0,Right,Long Off,1,0,1,1,LengthBall,OffStump,None,FrontFoot,Pushed,StockBall,Round,Orthodox,Left,Null,NotReferred,Null,False,False,False,False,False,True,False,False,False,False,False,False,1,0,0,0,0,False,False,,,,,,
1630005,14,5.64,3,1,0,79,5,3,76089,,40908,Study NT Top End T20 Series,1,1493,Nepal A,1488,NT Strike,8705015,2026-08-21T09:32:07Z,5,87,False,21975,Hamish Martin,21945,Rashid Khan,2233,Pawan Sarraf,13.0,98.0,Right,Backward Square Leg,1,0,1,1,HalfVolley,LegStump,None,BackFoot,Worked,StockBall,Round,Orthodox,Left,Null,NotReferred,Null,False,False,False,False,False,True,False,False,False,False,False,False,1,0,0,0,0,False,False,,,,,,
1630005,14,5.64,3,1,0,79,5,3,76089,,40908,Study NT Top End T20 Series,1,1493,Nepal A,1488,NT Strike,8705016,2026-08-21T09:32:40Z,6,88,False,21975,Hamish Martin,2233,Pawan Sarraf,21945,Rashid Khan,235.0,73.0,Right,Extra Cover,0,0,0,0,BackOfALength,OutsideOff,None,BackFoot,Pushed,StockBall,Round,Orthodox,Left,Null,NotReferred,Null,False,False,False,False,False,True,False,False,False,False,False,False,0,0,0,0,0,False,False,,,,,,
1630006,15,5.53,4,0,0,83,5,4,76089,,40908,Study NT Top End T20 Series,1,1493,Nepal A,1488,NT Strike,8705017,2026-08-21T09:33:54Z,1,89,False,21966,Will Blair,21945,Rashid Khan,2233,Pawan Sarraf,0.0,0.0,Right,Wicketkeeper,0,0,0,0,LengthBall,OutsideOff,Missed,FrontFoot,Pushed,OffCutter,Over,Medium,Right,Null,NotReferred,Null,False,False,False,False,False,True,False,False,False,False,False,False,0,0,0,0,0,False,False,,,,,,
1630006,15,5.53,4,0,0,83,5,4,76089,,40908,Study NT Top End T20 Series,1,1493,Nepal A,1488,NT Strike,8705018,2026-08-21T09:34:23Z,2,90,False,21966,Will Blair,21945,Rashid Khan,2233,Pawan Sarraf,16.0,142.0,Right,Deep Backward Square Leg,1,0,1,1,BackOfALength,OffStump,None,BackFoot,Worked,NoMovement,Over,Medium,Right,Null,NotReferred,Null,False,False,False,False,False,True,False,False,False,False,False,False,1,0,0,0,0,False,False,,,,,,
1630006,15,5.53,4,0,0,83,5,4,76089,,40908,Study NT Top End T20 Series,1,1493,Nepal A,1488,NT Strike,8705019,2026-08-21T09:35:00Z,3,91,False,21966,Will Blair,2233,Pawan Sarraf,21945,Rashid Khan,17.0,72.0,Right,Backward Square Leg,0,0,0,0,LengthBall,LegStump,None,FrontFoot,Worked,NoMovement,Over,Medium,Right,Null,NotReferred,Null,False,False,False,False,False,True,False,False,False,False,False,False,0,0,0,0,0,False,False,,,,,,
1630006,15,5.53,4,0,0,83,5,4,76089,,40908,Study NT Top End T20 Series,1,1493,Nepal A,1488,NT Strike,8705020,2026-08-21T09:35:29Z,4,92,False,21966,Will Blair,2233,Pawan Sarraf,21945,Rashid Khan,328.0,163.0,Right,Deep Mid Wicket,1,0,1,1,LengthBall,OutsideOff,None,FrontFoot,Slog,NoMovement,Over,Medium,Right,Null,NotReferred,Null,False,False,False,False,True,True,False,False,False,False,False,False,1,0,0,0,0,False,False,,,,,,
1630006,15,5.53,4,0,0,83,5,4,76089,,40908,Study NT Top End T20 Series,1,1493,Nepal A,1488,NT Strike,8705021,2026-08-21T09:36:05Z,5,93,False,21966,Will Blair,21945,Rashid Khan,2233,Pawan Sarraf,214.0,133.0,Right,Deep Extra Cover,1,0,1,1,LengthBall,OutsideOff,None,FrontFoot,Pushed,OffCutter,Over,Medium,Right,Null,NotReferred,Null,False,False,False,False,False,True,False,False,False,False,False,False,1,0,0,0,0,False,False,,,,,,
1630006,15,5.53,4,0,0,83,5,4,76089,,40908,Study NT Top End T20 Series,1,1493,Nepal A,1488,NT Strike,8705022,2026-08-21T09:36:34Z,6,94,False,21966,Will Blair,2233,Pawan Sarraf,21945,Rashid Khan,218.0,146.0,Right,Deep Extra Cover,1,0,1,1,HalfVolley,OutsideOff,None,FrontFoot,Drive,OffCutter,Over,Medium,Right,Null,NotReferred,Null,False,False,False,False,False,True,False,False,False,False,False,False,1,0,0,0,0,False,False,,,,,,
1630007,16,5.31,2,0,0,85,5,2,76089,,40908,Study NT Top End T20 Series,1,1493,Nepal A,1488,NT Strike,8705023,2026-08-21T09:37:55Z,1,95,False,286,D'Arcy Short,2233,Pawan Sarraf,21945,Rashid Khan,2.0,129.0,Right,Deep Backward Square Leg,1,0,1,1,HalfVolley,LegStump,None,FrontFoot,Flick,LeftArmLegspin,Over,Unorthodox,Left,Null,NotReferred,Null,False,False,False,False,False,True,False,False,False,False,False,False,1,0,0,0,0,False,False,,,,,,
1630007,16,5.31,2,0,0,85,5,2,76089,,40908,Study NT Top End T20 Series,1,1493,Nepal A,1488,NT Strike,8705024,2026-08-21T09:38:14Z,2,96,False,286,D'Arcy Short,21945,Rashid Khan,2233,Pawan Sarraf,0.0,0.0,Right,Wicketkeeper,0,0,0,0,LengthBall,OutsideOff,Missed,FrontFoot,Drive,LeftArmLegspin,Over,Unorthodox,Left,Null,NotReferred,Null,False,False,False,False,False,True,False,False,False,False,False,False,0,0,0,0,0,False,False,,,,,,
1630007,16,5.31,2,0,0,85,5,2,76089,,40908,Study NT Top End T20 Series,1,1493,Nepal A,1488,NT Strike,8705025,2026-08-21T09:38:35Z,3,97,False,286,D'Arcy Short,21945,Rashid Khan,2233,Pawan Sarraf,317.0,126.0,Right,Deep Mid Wicket,1,0,1,1,Short,MiddleStump,None,BackFoot,Pull,Googly,Over,Unorthodox,Left,Null,NotReferred,Null,False,False,False,False,False,True,False,False,False,False,False,False,1,0,0,0,0,False,False,,,,,,
1630007,16,5.31,2,0,0,85,5,2,76089,,40908,Study NT Top End T20 Series,1,1493,Nepal A,1488,NT Strike,8705026,2026-08-21T09:38:57Z,4,98,False,286,D'Arcy Short,2233,Pawan Sarraf,21945,Rashid Khan,0.0,0.0,Right,Bowler,0,0,0,0,Short,OffStump,MisTimed,BackFoot,Drive,Googly,Over,Unorthodox,Left,Null,NotReferred,Null,False,False,False,False,False,True,False,False,False,False,False,False,0,0,0,0,0,False,False,,,,,,
1630007,16,5.31,2,0,0,85,5,2,76089,,40908,Study NT Top End T20 Series,1,1493,Nepal A,1488,NT Strike,8705027,2026-08-21T09:39:15Z,5,99,False,286,D'Arcy Short,2233,Pawan Sarraf,21945,Rashid Khan,0.0,0.0,Right,Bowler,0,0,0,0,BackOfALength,OffStump,MisTimed,BackFoot,Worked,Googly,Over,Unorthodox,Left,Null,NotReferred,Null,False,False,False,False,False,True,False,False,False,False,False,False,0,0,0,0,0,False,False,,,,,,
1630007,16,5.31,2,0,0,85,5,2,76089,,40908,Study NT Top End T20 Series,1,1493,Nepal A,1488,NT Strike,8705028,2026-08-21T09:39:30Z,6,100,False,286,D'Arcy Short,2233,Pawan Sarraf,21945,Rashid Khan,0.0,0.0,Right,Wicketkeeper,0,0,0,0,HalfVolley,OutsideOff,Missed,FrontFoot,Worked,LeftArmLegspin,Over,Unorthodox,Left,Null,NotReferred,Null,False,False,False,False,False,True,False,False,False,False,False,False,0,0,0,0,0,False,False,,,,,,
1630008,17,5.18,3,0,0,88,5,3,76089,,40908,Study NT Top End T20 Series,1,1493,Nepal A,1488,NT Strike,8705029,2026-08-21T09:41:24Z,1,101,False,13929,Tom Menzies,21945,Rashid Khan,2233,Pawan Sarraf,240.0,78.0,Right,Mid Off,0,0,0,0,Yorker,OutsideOff,MisTimed,FrontFoot,Drive,NoMovement,Over,Medium,Right,Null,NotReferred,Null,False,False,False,False,False,True,False,False,True,True,False,False,0,0,0,0,0,False,False,,,,,,
1630008,17,5.18,3,0,0,88,5,3,76089,,40908,Study NT Top End T20 Series,1,1493,Nepal A,1488,NT Strike,8705030,2026-08-21T09:41:59Z,2,102,False,13929,Tom Menzies,21945,Rashid Khan,2233,Pawan Sarraf,258.0,85.0,Right,Mid Off,1,0,1,1,HalfVolley,OutsideOff,WellTimed,FrontFoot,Drive,NoMovement,Over,Medium,Right,Null,NotReferred,Null,False,False,False,False,False,True,False,False,True,True,False,False,1,0,0,0,0,False,False,,,,,,
1630008,17,5.18,3,0,0,88,5,3,76089,,40908,Study NT Top End T20 Series,1,1493,Nepal A,1488,NT Strike,8705031,2026-08-21T09:42:38Z,3,103,False,13929,Tom Menzies,2233,Pawan Sarraf,21945,Rashid Khan,0.0,0.0,Right,Wicketkeeper,0,0,0,0,HalfVolley,OutsideOff,Left,BackFoot,Leave,NoMovement,Over,Medium,Right,Null,NotReferred,Null,False,False,False,False,False,True,False,False,True,True,False,False,0,0,0,0,0,False,False,,,,,,
1630008,17,5.18,3,0,0,88,5,3,76089,,40908,Study NT Top End T20 Series,1,1493,Nepal A,1488,NT Strike,8705032,2026-08-21T09:43:12Z,4,104,False,13929,Tom Menzies,2233,Pawan Sarraf,21945,Rashid Khan,0.0,0.0,Right,Wicketkeeper,0,0,0,0,HalfVolley,OutsideOff,Left,BackFoot,Leave,SlowerBall,Over,Medium,Right,Null,NotReferred,Null,False,False,False,False,False,True,False,False,True,True,False,False,0,0,0,0,0,False,False,,,,,,
1630008,17,5.18,3,0,0,88,5,3,76089,,40908,Study NT Top End T20 Series,1,1493,Nepal A,1488,NT Strike,8705033,2026-08-21T09:43:48Z,5,105,False,13929,Tom Menzies,2233,Pawan Sarraf,21945,Rashid Khan,0.0,0.0,Right,Wicketkeeper,0,0,0,0,Yorker,OutsideOff,Missed,FrontFoot,Drive,SlowerBall,Over,Medium,Right,Null,NotReferred,Null,False,False,False,False,False,True,False,False,True,True,False,False,0,0,0,0,0,False,False,,,,,,
1630008,17,5.18,3,0,0,88,5,3,76089,,40908,Study NT Top End T20 Series,1,1493,Nepal A,1488,NT Strike,8705034,2026-08-21T09:44:27Z,6,106,False,13929,Tom Menzies,2233,Pawan Sarraf,21945,Rashid Khan,,,Right,,2,0,2,2,HalfVolley,OutsideOff,None,BackFoot,Drive,NoMovement,Over,Medium,Right,Null,NotReferred,Null,False,False,False,False,False,True,False,False,True,True,False,False,2,0,0,0,0,False,False,,,,,,
1630009,18,5.44,10,1,0,98,6,10,76089,,40908,Study NT Top End T20 Series,1,1493,Nepal A,1488,NT Strike,8705035,2026-08-21T09:46:22Z,1,107,False,21975,Hamish Martin,21945,Rashid Khan,2233,Pawan Sarraf,55.0,162.0,Right,,4,0,4,4,LengthBall,DownLeg,WellTimed,BacksAway,SlogSweep,StockBall,Round,Orthodox,Left,Null,NotReferred,Null,False,False,False,False,True,True,False,False,True,True,False,False,4,0,0,0,0,True,False,,,,,,
1630009,18,5.44,10,1,0,98,6,10,76089,,40908,Study NT Top End T20 Series,1,1493,Nepal A,1488,NT Strike,8705036,2026-08-21T09:47:05Z,2,108,True,21975,Hamish Martin,21945,Rashid Khan,2233,Pawan Sarraf,,,Right,,0,0,0,0,LengthBall,OutsideOff,HitPad,FrontFoot,Sweep,StockBall,Round,Orthodox,Left,Null,NotReferred,Null,False,False,False,False,False,True,False,False,True,True,False,False,0,0,0,0,0,False,False,Lbw,21945.0,Rashid Khan,LBW,Lbw,2014.0
1630009,18,5.44,10,1,0,98,6,10,76089,,40908,Study NT Top End T20 Series,1,1493,Nepal A,1488,NT Strike,8705037,2026-08-21T09:48:55Z,3,109,False,21975,Hamish Martin,15761,Narayan Joshi,2233,Pawan Sarraf,0.0,0.0,Right,Wicketkeeper,0,0,0,0,BackOfALength,OutsideOff,Missed,BacksAway,Slog,StockBall,Round,Orthodox,Left,Null,NotReferred,Null,False,False,False,False,False,True,False,False,True,True,False,False,0,0,0,0,0,False,False,,,,,,
1630009,18,5.44,10,1,0,98,6,10,76089,,40908,Study NT Top End T20 Series,1,1493,Nepal A,1488,NT Strike,8705038,2026-08-21T09:49:19Z,4,110,False,21975,Hamish Martin,15761,Narayan Joshi,2233,Pawan Sarraf,310.0,147.0,Right,Deep Mid Wicket,1,0,1,1,LengthBall,LegStump,MisTimed,DownTheTrack,Drive,StockBall,Round,Orthodox,Left,Null,NotReferred,Null,False,False,False,False,False,True,False,False,True,True,False,False,1,0,0,0,0,False,False,,,,,,
1630009,18,5.44,10,1,0,98,6,10,76089,,40908,Study NT Top End T20 Series,1,1493,Nepal A,1488,NT Strike,8705039,2026-08-21T09:49:53Z,5,111,False,21975,Hamish Martin,2233,Pawan Sarraf,15761,Narayan Joshi,221.0,76.0,Right,Extra Cover,1,0,1,1,BackOfALength,OutsideOff,None,BackFoot,Drive,StockBall,Round,Orthodox,Left,Null,NotReferred,Null,False,False,False,False,False,True,False,False,True,True,False,False,1,0,0,0,0,False,False,,,,,,
1630009,18,5.44,10,1,0,98,6,10,76089,,40908,Study NT Top End T20 Series,1,1493,Nepal A,1488,NT Strike,8705040,2026-08-21T09:50:36Z,6,112,False,21975,Hamish Martin,15761,Narayan Joshi,2233,Pawan Sarraf,215.0,176.0,Right,,4,0,4,4,BackOfALength,LegStump,WellTimed,DownTheTrack,Drive,StockBall,Round,Orthodox,Left,Null,NotReferred,Null,False,False,False,False,True,True,False,False,True,True,False,False,4,0,0,0,0,True,False,,,,,,
1630010,19,5.89,14,1,0,112,7,14,76089,,40908,Study NT Top End T20 Series,1,1493,Nepal A,1488,NT Strike,8705041,2026-08-21T09:52:08Z,1,113,False,21967,Sam Barker,2233,Pawan Sarraf,15761,Narayan Joshi,269.0,180.0,Right,,4,0,4,4,HalfVolley,OutsideOff,WellTimed,FrontFoot,Drive,NoMovement,Over,Medium,Left,Null,NotReferred,Null,False,False,False,False,True,True,False,False,False,False,False,False,4,0,0,0,0,True,False,,,,,,
1630010,19,5.89,14,1,0,112,7,14,76089,,40908,Study NT Top End T20 Series,1,1493,Nepal A,1488,NT Strike,8705042,2026-08-21T09:53:14Z,2,114,False,21967,Sam Barker,2233,Pawan Sarraf,15761,Narayan Joshi,333.0,175.0,Right,,6,0,6,6,LengthBall,LegStump,Middled,FrontFoot,Slog,NoMovement,Over,Medium,Left,Null,NotReferred,Null,False,False,False,False,True,True,False,False,False,False,False,False,6,0,0,0,0,True,False,,,,,,
1630010,19,5.89,14,1,0,112,7,14,76089,,40908,Study NT Top End T20 Series,1,1493,Nepal A,1488,NT Strike,8705043,2026-08-21T09:53:56Z,3,115,False,21967,Sam Barker,2233,Pawan Sarraf,15761,Narayan Joshi,210.0,175.0,Right,,4,0,4,4,FullToss,OutsideOff,WellTimed,FrontFoot,Drive,NoMovement,Over,Medium,Left,Null,NotReferred,Null,False,False,False,False,True,True,False,False,False,False,False,False,4,0,0,0,0,True,False,,,,,,
1630010,19,5.89,14,1,0,112,7,14,76089,,40908,Study NT Top End T20 Series,1,1493,Nepal A,1488,NT Strike,8705044,2026-08-21T09:55:37Z,4,116,False,21967,Sam Barker,2233,Pawan Sarraf,15761,Narayan Joshi,0.0,0.0,Right,Wicketkeeper,0,0,0,0,LengthBall,OffStump,Missed,FrontFoot,Slog,NoMovement,Over,Medium,Left,Null,NotReferred,Null,False,False,False,False,False,True,False,False,False,False,False,False,0,0,0,0,0,False,False,,,,,,
1630010,19,5.89,14,1,0,112,7,14,76089,,40908,Study NT Top End T20 Series,1,1493,Nepal A,1488,NT Strike,8705045,2026-08-21T09:56:14Z,5,117,False,21967,Sam Barker,2233,Pawan Sarraf,15761,Narayan Joshi,0.0,0.0,Right,Wicketkeeper,0,0,0,0,Short,DownLeg,PlayAndMissLegSide,BackFoot,Hook,NoMovement,Over,Medium,Left,Null,NotReferred,Null,False,False,False,False,False,True,False,False,False,False,False,False,0,0,0,0,0,False,False,,,,,,
1630010,19,5.89,14,1,0,112,7,14,76089,,40908,Study NT Top End T20 Series,1,1493,Nepal A,1488,NT Strike,8705046,2026-08-21T09:57:20Z,6,118,True,21967,Sam Barker,2233,Pawan Sarraf,15761,Narayan Joshi,331.0,129.0,Right,Deep Square Leg,0,0,0,0,LengthBall,LegStump,MisTimed,FrontFoot,Slog,NoMovement,Over,Medium,Left,Null,NotReferred,Null,False,False,False,False,False,True,False,False,False,False,False,False,0,0,0,0,0,False,True,Caught,2233.0,Pawan Sarraf,Caught,Caught,
1630011,20,6.1,10,1,0,122,8,10,76089,,40908,Study NT Top End T20 Series,1,1493,Nepal A,1488,NT Strike,8705048,2026-08-21T09:59:31Z,1,119,False,286,D'Arcy Short,15761,Narayan Joshi,7804,Shahab Alam,0.0,0.0,Right,Wicketkeeper,0,0,0,0,LengthBall,OffStump,Missed,BacksAway,Slog,LeftArmLegspin,Over,Unorthodox,Left,Null,NotReferred,Null,False,False,False,False,False,True,False,False,False,False,False,False,0,0,0,0,0,False,False,,,,,,
1630011,20,6.1,10,1,0,122,8,10,76089,,40908,Study NT Top End T20 Series,1,1493,Nepal A,1488,NT Strike,8705050,2026-08-21T09:59:49Z,2,120,False,286,D'Arcy Short,15761,Narayan Joshi,7804,Shahab Alam,299.0,179.0,Right,,6,0,6,6,LengthBall,LegStump,Middled,DownTheTrack,Slog,LeftArmLegspin,Over,Unorthodox,Left,Null,NotReferred,Null,False,False,False,False,True,True,False,False,False,False,False,False,6,0,0,0,0,True,False,,,,,,
1630011,20,6.1,10,1,0,122,8,10,76089,,40908,Study NT Top End T20 Series,1,1493,Nepal A,1488,NT Strike,8705058,2026-08-21T10:00:24Z,3,121,False,286,D'Arcy Short,15761,Narayan Joshi,7804,Shahab Alam,,,Right,,2,0,2,2,,,,0,,LeftArmLegspin,Over,Unorthodox,Left,Null,NotReferred,Null,False,False,False,False,False,True,False,False,False,False,False,False,2,0,0,0,0,False,False,,,,,,
1630011,20,6.1,10,1,0,122,8,10,76089,,40908,Study NT Top End T20 Series,1,1493,Nepal A,1488,NT Strike,8705064,2026-08-21T10:00:49Z,4,122,False,286,D'Arcy Short,15761,Narayan Joshi,7804,Shahab Alam,256.0,144.0,Right,Long Off,2,0,2,2,LengthBall,OutsideOff,None,MovesInfront,Slog,LeftArmLegspin,Over,Unorthodox,Left,Null,NotReferred,Null,False,False,False,False,False,True,False,False,False,False,False,False,2,0,0,0,0,False,False,,,,,,
1630011,20,6.1,10,1,0,122,8,10,76089,,40908,Study NT Top End T20 Series,1,1493,Nepal A,1488,NT Strike,8705072,2026-08-21T10:01:13Z,5,123,True,286,D'Arcy Short,15761,Narayan Joshi,7804,Shahab Alam,0.0,0.0,Right,Wicketkeeper,0,0,0,0,LengthBall,DownLeg,Missed,DownTheTrack,Slog,Googly,Over,Unorthodox,Left,Null,NotReferred,Null,False,False,False,False,False,True,False,False,False,False,False,False,0,0,0,0,0,False,False,Stumped,15761.0,Narayan Joshi,Stumped,Stumped,
1630011,20,6.1,10,1,0,122,8,10,76089,,40908,Study NT Top End T20 Series,1,1493,Nepal A,1488,NT Strike,8705088,2026-08-21T10:02:26Z,6,124,False,286,D'Arcy Short,14860,Rijan Dhakal,7804,Shahab Alam,0.0,0.0,Right,Wicketkeeper,0,0,0,0,BackOfALength,LegStump,Missed,BacksAway,Cut,LeftArmLegspin,Over,Unorthodox,Left,Null,NotReferred,Null,False,False,False,False,False,True,False,False,False,False,False,False,0,0,0,0,0,False,False,,,,,,
1630070,2,9.5,10,0,0,19,0,10,76090,,40908,Study NT Top End T20 Series,2,1488,NT Strike,1493,Nepal A,8705387,2026-08-21T10:23:12Z,1,7,False,14860,Rijan Dhakal,286,D'Arcy Short,21971,Jaga Koduru,292.0,86.0,Left,Mid Off,0,0,0,0,LengthBall,OutsideOff,None,FrontFoot,Pushed,NoMovement,Over,Medium,Left,Null,NotReferred,Null,False,False,False,False,False,True,False,False,True,False,False,False,0,0,0,0,0,False,False,,,,,,
1630070,2,9.5,10,0,0,19,0,10,76090,,40908,Study NT Top End T20 Series,2,1488,NT Strike,1493,Nepal A,8705395,2026-08-21T10:23:44Z,2,8,False,14860,Rijan Dhakal,286,D'Arcy Short,21971,Jaga Koduru,324.0,176.0,Left,,6,0,6,6,LengthBall,OutsideOff,Middled,FrontFoot,Drive,NoMovement,Over,Medium,Left,Null,NotReferred,Null,False,False,False,False,True,True,False,False,True,False,False,False,6,0,0,0,0,True,False,,,,,,
1630070,2,9.5,10,0,0,19,0,10,76090,,40908,Study NT Top End T20 Series,2,1488,NT Strike,1493,Nepal A,8705402,2026-08-21T10:24:27Z,3,9,False,14860,Rijan Dhakal,286,D'Arcy Short,21971,Jaga Koduru,0.0,0.0,Left,Wicketkeeper,0,0,0,0,LengthBall,OutsideOff,Missed,BackFoot,Pushed,NoMovement,Over,Medium,Left,Null,NotReferred,Null,False,False,False,False,False,True,False,False,True,False,False,False,0,0,0,0,0,False,False,,,,,,
1630070,2,9.5,10,0,0,19,0,10,76090,,40908,Study NT Top End T20 Series,2,1488,NT Strike,1493,Nepal A,8705421,2026-08-21T10:25:15Z,4,10,False,14860,Rijan Dhakal,286,D'Arcy Short,21971,Jaga Koduru,0.0,0.0,Left,Bowler,0,0,0,0,BackOfALength,OutsideOff,HitBody,BackFoot,Worked,NoMovement,Over,Medium,Left,Null,NotReferred,Null,False,False,False,False,False,True,False,False,True,False,False,False,0,0,0,0,0,False,False,,,,,,
1630070,2,9.5,10,0,0,19,0,10,76090,,40908,Study NT Top End T20 Series,2,1488,NT Strike,1493,Nepal A,8705430,2026-08-21T10:25:52Z,5,11,False,14860,Rijan Dhakal,286,D'Arcy Short,21971,Jaga Koduru,,,Left,,4,0,4,4,,,,0,,NoMovement,Over,Medium,Left,Null,NotReferred,Null,False,False,False,False,False,True,False,False,True,False,False,False,4,0,0,0,0,True,False,,,,,,
1630070,2,9.5,10,0,0,19,0,10,76090,,40908,Study NT Top End T20 Series,2,1488,NT Strike,1493,Nepal A,8705439,2026-08-21T10:26:33Z,6,12,False,14860,Rijan Dhakal,286,D'Arcy Short,21971,Jaga Koduru,212.0,82.0,Left,Mid Wicket,0,0,0,0,BackOfALength,OutsideOff,None,BackFoot,Pull,NoMovement,Over,Medium,Left,Null,NotReferred,Null,False,False,False,False,False,True,False,False,True,False,False,False,0,0,0,0,0,False,False,,,,,,
1630083,3,9.0,8,0,0,27,0,8,76090,,40908,Study NT Top End T20 Series,2,1488,NT Strike,1493,Nepal A,8705464,2026-08-21T10:28:23Z,1,13,False,7804,Shahab Alam,21971,Jaga Koduru,286,D'Arcy Short,229.0,72.0,Right,Extra Cover,0,0,0,0,LengthBall,OutsideOff,None,FrontFoot,Drive,StockBall,Round,Orthodox,Left,Null,NotReferred,Null,False,False,False,False,False,True,False,False,True,False,False,False,0,0,0,0,0,False,False,,,,,,
1630083,3,9.0,8,0,0,27,0,8,76090,,40908,Study NT Top End T20 Series,2,1488,NT Strike,1493,Nepal A,8705469,2026-08-21T10:28:42Z,2,14,False,7804,Shahab Alam,21971,Jaga Koduru,286,D'Arcy Short,224.0,68.0,Right,Extra Cover,0,0,0,0,HalfVolley,OutsideOff,None,FrontFoot,Drive,StockBall,Round,Orthodox,Left,Null,NotReferred,Null,False,False,False,False,False,True,False,False,True,False,False,False,0,0,0,0,0,False,False,,,,,,
1630083,3,9.0,8,0,0,27,0,8,76090,,40908,Study NT Top End T20 Series,2,1488,NT Strike,1493,Nepal A,8705475,2026-08-21T10:29:01Z,3,15,False,7804,Shahab Alam,21971,Jaga Koduru,286,D'Arcy Short,164.0,167.0,Right,,4,0,4,4,BackOfALength,OutsideOff,WellTimed,BackFoot,Cut,StockBall,Round,Orthodox,Left,Null,NotReferred,Null,False,False,False,False,False,True,False,False,True,False,False,False,4,0,0,0,0,True,False,,,,,,
1630083,3,9.0,8,0,0,27,0,8,76090,,40908,Study NT Top End T20 Series,2,1488,NT Strike,1493,Nepal A,8705485,2026-08-21T10:29:39Z,4,16,False,7804,Shahab Alam,21971,Jaga Koduru,286,D'Arcy Short,222.0,177.0,Right,Deep Cover,4,0,4,4,LengthBall,OutsideOff,None,DownTheTrack,Drive,StockBall,Round,Orthodox,Left,Null,NotReferred,Null,False,False,False,False,False,True,False,False,True,False,False,False,4,0,0,0,0,True,False,,,,,,
1630083,3,9.0,8,0,0,27,0,8,76090,,40908,Study NT Top End T20 Series,2,1488,NT Strike,1493,Nepal A,8705498,2026-08-21T10:30:29Z,5,17,False,7804,Shahab Alam,21971,Jaga Koduru,286,D'Arcy Short,214.0,67.0,Right,Extra Cover,0,0,0,0,LengthBall,OutsideOff,None,FrontFoot,Drive,StockBall,Round,Orthodox,Left,Null,NotReferred,Null,False,False,False,False,False,True,False,False,True,False,False,False,0,0,0,0,0,False,False,,,,,,
1630083,3,9.0,8,0,0,27,0,8,76090,,40908,Study NT Top End T20 Series,2,1488,NT Strike,1493,Nepal A,8705501,2026-08-21T10:30:48Z,6,18,False,7804,Shahab Alam,21971,Jaga Koduru,286,D'Arcy Short,192.0,58.0,Right,Cover,0,0,0,0,BackOfALength,OutsideOff,None,BackFoot,Cut,StockBall,Round,Orthodox,Left,Null,NotReferred,Null,False,False,False,False,False,True,False,False,True,False,False,False,0,0,0,0,0,False,False,,,,,,
1630093,4,7.5,3,1,0,30,1,3,76090,,40908,Study NT Top End T20 Series,2,1488,NT Strike,1493,Nepal A,8705522,2026-08-21T10:31:48Z,1,19,False,2233,Pawan Sarraf,286,D'Arcy Short,21971,Jaga Koduru,237.0,85.0,Left,Mid Wicket,1,0,1,1,HalfVolley,OutsideOff,None,FrontFoot,Drive,OffBreak,Round,OffSpin,Right,Null,NotReferred,Null,False,False,False,False,False,True,False,False,True,False,False,False,1,0,0,0,0,False,False,,,,,,
1630093,4,7.5,3,1,0,30,1,3,76090,,40908,Study NT Top End T20 Series,2,1488,NT Strike,1493,Nepal A,8705535,2026-08-21T10:32:22Z,2,20,True,2233,Pawan Sarraf,21971,Jaga Koduru,286,D'Arcy Short,234.0,86.0,Right,Extra Cover,0,0,0,0,HalfVolley,OutsideOff,MisTimed,FrontFoot,Drive,OffBreak,Over,OffSpin,Right,Null,NotReferred,Null,False,False,False,False,False,True,False,False,True,False,False,False,0,0,0,0,0,False,True,Caught,21971.0,Jaga Koduru,Caught,Caught,2014.0
1630093,4,7.5,3,1,0,30,1,3,76090,,40908,Study NT Top End T20 Series,2,1488,NT Strike,1493,Nepal A,8705548,2026-08-21T10:33:58Z,3,21,False,2233,Pawan Sarraf,21970,Douwtjie Hoogenboezem,286,D'Arcy Short,0.0,0.0,Left,Wicketkeeper,0,0,0,0,LengthBall,OutsideOff,Missed,BackFoot,Cut,OffBreak,Round,OffSpin,Right,Null,NotReferred,Null,False,False,False,False,False,True,False,False,True,False,False,False,0,0,0,0,0,False,False,,,,,,
1630093,4,7.5,3,1,0,30,1,3,76090,,40908,Study NT Top End T20 Series,2,1488,NT Strike,1493,Nepal A,8705555,2026-08-21T10:34:17Z,4,22,False,2233,Pawan Sarraf,21970,Douwtjie Hoogenboezem,286,D'Arcy Short,296.0,143.0,Left,Long Off,1,0,1,1,BackOfALength,OutsideOff,None,BackFoot,Drive,OffBreak,Round,OffSpin,Right,Null,NotReferred,Null,False,False,False,False,False,True,False,False,True,False,False,False,1,0,0,0,0,False,False,,,,,,
1630093,4,7.5,3,1,0,30,1,3,76090,,40908,Study NT Top End T20 Series,2,1488,NT Strike,1493,Nepal A,8705562,2026-08-21T10:34:42Z,5,23,False,2233,Pawan Sarraf,286,D'Arcy Short,21970,Douwtjie Hoogenboezem,151.0,75.0,Left,Backward Square Leg,0,0,0,0,LengthBall,OutsideOff,InsideEdge,FrontFoot,Drive,OffBreak,Round,OffSpin,Right,Null,NotReferred,Null,False,False,False,False,False,True,False,False,True,False,False,False,0,0,0,0,0,False,False,,,,,,
1630093,4,7.5,3,1,0,30,1,3,76090,,40908,Study NT Top End T20 Series,2,1488,NT Strike,1493,Nepal A,8705567,2026-08-21T10:35:01Z,6,24,False,2233,Pawan Sarraf,286,D'Arcy Short,21970,Douwtjie Hoogenboezem,303.0,144.0,Left,Deep Extra Cover,1,0,1,1,LengthBall,OutsideOff,None,FrontFoot,Drive,OffBreak,Round,OffSpin,Right,Null,NotReferred,Null,False,False,False,False,True,True,False,False,True,False,False,False,1,0,0,0,0,False,False,,,,,,
1630104,5,7.8,9,0,0,39,1,9,76090,,40908,Study NT Top End T20 Series,2,1488,NT Strike,1493,Nepal A,8705594,2026-08-21T10:36:44Z,1,25,False,14860,Rijan Dhakal,286,D'Arcy Short,21970,Douwtjie Hoogenboezem,237.0,104.0,Left,Deep Mid Wicket,1,0,1,1,LengthBall,OutsideOff,None,FrontFoot,Worked,NoMovement,Over,Medium,Left,Null,NotReferred,Null,False,False,False,False,False,True,False,False,False,False,False,False,1,0,0,0,0,False,False,,,,,,
1630104,5,7.8,9,0,0,39,1,9,76090,,40908,Study NT Top End T20 Series,2,1488,NT Strike,1493,Nepal A,8705604,2026-08-21T10:37:28Z,2,26,False,14860,Rijan Dhakal,21970,Douwtjie Hoogenboezem,286,D'Arcy Short,19.0,143.0,Left,Deep Backward Point,2,0,2,2,LengthBall,OutsideOff,None,FrontFoot,Drive,NoMovement,Over,Medium,Left,Null,NotReferred,Null,False,False,False,False,False,True,False,False,False,False,False,False,2,0,0,0,0,False,False,,,,,,
1630104,5,7.8,9,0,0,39,1,9,76090,,40908,Study NT Top End T20 Series,2,1488,NT Strike,1493,Nepal A,8705612,2026-08-21T10:38:06Z,3,27,False,14860,Rijan Dhakal,21970,Douwtjie Hoogenboezem,286,D'Arcy Short,68.0,161.0,Left,,4,0,4,4,LengthBall,OutsideOff,ThickEdge,FrontFoot,ForwardDefensive,NoMovement,Over,Medium,Left,Null,NotReferred,Null,False,False,False,False,False,True,False,False,False,False,False,False,4,0,0,0,0,True,True,,,,,,
1630104,5,7.8,9,0,0,39,1,9,76090,,40908,Study NT Top End T20 Series,2,1488,NT Strike,1493,Nepal A,8705620,2026-08-21T10:38:51Z,4,28,False,14860,Rijan Dhakal,21970,Douwtjie Hoogenboezem,286,D'Arcy Short,355.0,72.0,Left,Cover,0,0,0,0,LengthBall,OutsideOff,None,FrontFoot,Pushed,NoMovement,Over,Medium,Left,Null,NotReferred,Null,False,False,False,False,False,True,False,False,False,False,False,False,0,0,0,0,0,False,False,,,,,,
1630104,5,7.8,9,0,0,39,1,9,76090,,40908,Study NT Top End T20 Series,2,1488,NT Strike,1493,Nepal A,8705631,2026-08-21T10:39:27Z,5,29,False,14860,Rijan Dhakal,21970,Douwtjie Hoogenboezem,286,D'Arcy Short,234.0,95.0,Left,Mid Wicket,1,0,1,1,LengthBall,MiddleStump,None,FrontFoot,Worked,NoMovement,Over,Medium,Left,Null,NotReferred,Null,False,False,False,False,False,True,False,False,False,False,False,False,1,0,0,0,0,False,False,,,,,,
1630104,5,7.8,9,0,0,39,1,9,76090,,40908,Study NT Top End T20 Series,2,1488,NT Strike,1493,Nepal A,8705637,2026-08-21T10:40:06Z,6,30,False,14860,Rijan Dhakal,286,D'Arcy Short,21970,Douwtjie Hoogenboezem,254.0,90.0,Left,Mid On,1,0,1,1,LengthBall,OutsideOff,None,BackFoot,Worked,NoMovement,Over,Medium,Left,Null,NotReferred,Null,False,False,False,False,False,True,False,False,False,False,False,False,1,0,0,0,0,False,False,,,,,,
1630114,6,7.33,5,1,0,44,2,5,76090,,40908,Study NT Top End T20 Series,2,1488,NT Strike,1493,Nepal A,8705655,2026-08-21T10:41:22Z,1,31,True,2233,Pawan Sarraf,286,D'Arcy Short,21970,Douwtjie Hoogenboezem,18.0,65.0,Left,Backward Point,0,0,0,0,LengthBall,Wide,TopEdge,FrontFoot,SwitchHit,OffBreak,Round,OffSpin,Right,Null,NotReferred,Null,False,False,False,False,False,True,False,False,False,False,False,False,0,0,0,0,0,False,True,Caught,286.0,D'Arcy Short,Caught,Caught,2014.0
1630114,6,7.33,5,1,0,44,2,5,76090,,40908,Study NT Top End T20 Series,2,1488,NT Strike,1493,Nepal A,8705678,2026-08-21T10:43:01Z,2,32,False,2233,Pawan Sarraf,1020,Jordan Silk,21970,Douwtjie Hoogenboezem,220.0,51.0,Right,Extra Cover,0,0,0,0,BackOfALength,OutsideOff,None,BackFoot,BackwardDefensive,OffBreak,Over,OffSpin,Right,Null,NotReferred,Null,False,False,False,False,False,True,False,False,False,False,False,False,0,0,0,0,0,False,False,,,,,,
1630114,6,7.33,5,1,0,44,2,5,76090,,40908,Study NT Top End T20 Series,2,1488,NT Strike,1493,Nepal A,8705684,2026-08-21T10:43:17Z,3,33,False,2233,Pawan Sarraf,1020,Jordan Silk,21970,Douwtjie Hoogenboezem,0.0,0.0,Right,Wicketkeeper,0,0,0,0,LengthBall,OffStump,HitPad,FrontFoot,ReverseSweep,OffBreak,Over,OffSpin,Right,Null,NotReferred,Null,False,False,False,False,False,True,False,False,False,False,False,False,0,0,0,0,0,False,False,,,,,,
1630114,6,7.33,5,1,0,44,2,5,76090,,40908,Study NT Top End T20 Series,2,1488,NT Strike,1493,Nepal A,8705692,2026-08-21T10:43:36Z,4,34,False,2233,Pawan Sarraf,1020,Jordan Silk,21970,Douwtjie Hoogenboezem,213.0,147.0,Right,Deep Extra Cover,2,0,2,2,BackOfALength,OutsideOff,None,BackFoot,Drive,OffBreak,Over,OffSpin,Right,Null,NotReferred,Null,False,False,False,False,False,True,False,False,False,False,False,False,2,0,0,0,0,False,False,,,,,,
1630114,6,7.33,5,1,0,44,2,5,76090,,40908,Study NT Top End T20 Series,2,1488,NT Strike,1493,Nepal A,8705702,2026-08-21T10:44:13Z,5,35,False,2233,Pawan Sarraf,1020,Jordan Silk,21970,Douwtjie Hoogenboezem,2.0,136.0,Right,Deep Backward Square Leg,2,0,2,2,LengthBall,LegStump,None,FrontFoot,Dropped,OffBreak,Over,OffSpin,Right,Null,NotReferred,Null,False,False,False,False,False,True,False,False,False,False,False,False,2,0,0,0,0,False,False,,,,,,
1630114,6,7.33,5,1,0,44,2,5,76090,,40908,Study NT Top End T20 Series,2,1488,NT Strike,1493,Nepal A,8705707,2026-08-21T10:44:42Z,6,36,False,2233,Pawan Sarraf,1020,Jordan Silk,21970,Douwtjie Hoogenboezem,320.0,83.0,Right,Mid Wicket,1,0,1,1,LengthBall,OffStump,None,FrontFoot,Worked,OffBreak,Over,OffSpin,Right,Null,NotReferred,Null,False,False,False,False,False,True,False,False,False,False,False,False,1,0,0,0,0,False,False,,,,,,
1630128,7,6.86,4,0,0,48,2,4,76090,,40908,Study NT Top End T20 Series,2,1488,NT Strike,1493,Nepal A,8705725,2026-08-21T10:45:57Z,1,37,False,7804,Shahab Alam,1020,Jordan Silk,21970,Douwtjie Hoogenboezem,214.0,123.0,Right,Deep Extra Cover,1,0,1,1,HalfVolley,MiddleStump,None,FrontFoot,Drive,StockBall,Round,Orthodox,Left,Null,NotReferred,Null,False,False,False,False,False,True,False,False,False,False,False,False,1,0,0,0,0,False,False,,,,,,
1630128,7,6.86,4,0,0,48,2,4,76090,,40908,Study NT Top End T20 Series,2,1488,NT Strike,1493,Nepal A,8705733,2026-08-21T10:46:31Z,2,38,False,7804,Shahab Alam,21970,Douwtjie Hoogenboezem,1020,Jordan Silk,0.0,0.0,Left,Bowler,0,0,0,0,LengthBall,LegStump,None,BackFoot,BackwardDefensive,StockBall,Round,Orthodox,Left,Null,NotReferred,Null,False,False,False,False,False,True,False,False,False,False,False,False,0,0,0,0,0,False,False,,,,,,
1630128,7,6.86,4,0,0,48,2,4,76090,,40908,Study NT Top End T20 Series,2,1488,NT Strike,1493,Nepal A,8705737,2026-08-21T10:46:47Z,3,39,False,7804,Shahab Alam,21970,Douwtjie Hoogenboezem,1020,Jordan Silk,230.0,88.0,Left,Mid Wicket,1,0,1,1,BackOfALength,DownLeg,None,BackFoot,Flick,StockBall,Round,Orthodox,Left,Null,NotReferred,Null,False,False,False,False,False,True,False,False,False,False,False,False,1,0,0,0,0,False,False,,,,,,
1630128,7,6.86,4,0,0,48,2,4,76090,,40908,Study NT Top End T20 Series,2,1488,NT Strike,1493,Nepal A,8705744,2026-08-21T10:47:15Z,4,40,False,7804,Shahab Alam,1020,Jordan Silk,21970,Douwtjie Hoogenboezem,219.0,101.0,Right,Deep Extra Cover,1,0,1,1,LengthBall,LegStump,None,BacksAway,Drive,StockBall,Round,Orthodox,Left,Null,NotReferred,Null,False,False,False,False,False,True,False,False,False,False,False,False,1,0,0,0,0,False,False,,,,,,
1630128,7,6.86,4,0,0,48,2,4,76090,,40908,Study NT Top End T20 Series,2,1488,NT Strike,1493,Nepal A,8705751,2026-08-21T10:47:38Z,5,41,False,7804,Shahab Alam,21970,Douwtjie Hoogenboezem,1020,Jordan Silk,0.0,0.0,Left,Bowler,0,0,0,0,LengthBall,DownLeg,None,FrontFoot,Worked,StockBall,Round,Orthodox,Left,Null,NotReferred,Null,False,False,False,False,False,True,False,False,False,False,False,False,0,0,0,0,0,False,False,,,,,,
1630128,7,6.86,4,0,0,48,2,4,76090,,40908,Study NT Top End T20 Series,2,1488,NT Strike,1493,Nepal A,8705754,2026-08-21T10:47:56Z,6,42,False,7804,Shahab Alam,21970,Douwtjie Hoogenboezem,1020,Jordan Silk,326.0,143.0,Left,Deep Extra Cover,1,0,1,1,HalfVolley,OutsideOff,None,FrontFoot,Drive,StockBall,Round,Orthodox,Left,Null,NotReferred,Null,False,False,False,False,False,True,False,False,False,False,False,False,1,0,0,0,0,False,False,,,,,,
1630135,8,6.62,5,0,0,53,2,5,76090,,40908,Study NT Top End T20 Series,2,1488,NT Strike,1493,Nepal A,8705771,2026-08-21T10:49:03Z,1,43,False,2233,Pawan Sarraf,21970,Douwtjie Hoogenboezem,1020,Jordan Silk,44.0,71.0,Left,Gully,1,0,1,1,BackOfALength,OutsideOff,None,BackFoot,LateCut,OffBreak,Round,OffSpin,Right,Null,NotReferred,Null,False,False,False,False,False,True,False,False,False,False,False,False,1,0,0,0,0,False,False,,,,,,
1630135,8,6.62,5,0,0,53,2,5,76090,,40908,Study NT Top End T20 Series,2,1488,NT Strike,1493,Nepal A,8705776,2026-08-21T10:49:34Z,2,44,False,2233,Pawan Sarraf,1020,Jordan Silk,21970,Douwtjie Hoogenboezem,0.0,0.0,Right,Wicketkeeper,0,0,0,0,LengthBall,OutsideOff,Missed,FrontFoot,ReverseSweep,OffBreak,Over,OffSpin,Right,Null,NotReferred,Null,False,False,False,False,False,True,False,False,False,False,False,False,0,0,0,0,0,False,False,,,,,,
1630135,8,6.62,5,0,0,53,2,5,76090,,40908,Study NT Top End T20 Series,2,1488,NT Strike,1493,Nepal A,8705782,2026-08-21T10:50:00Z,3,45,False,2233,Pawan Sarraf,1020,Jordan Silk,21970,Douwtjie Hoogenboezem,10.0,134.0,Right,Deep Backward Square Leg,1,0,1,1,BackOfALength,DownLeg,None,BacksAway,Worked,OffBreak,Over,OffSpin,Right,Null,NotReferred,Null,False,False,False,False,False,True,False,False,False,False,False,False,1,0,0,0,0,False,False,,,,,,
1630135,8,6.62,5,0,0,53,2,5,76090,,40908,Study NT Top End T20 Series,2,1488,NT Strike,1493,Nepal A,8705791,2026-08-21T10:50:24Z,4,46,False,2233,Pawan Sarraf,21970,Douwtjie Hoogenboezem,1020,Jordan Silk,218.0,108.0,Left,Deep Mid Wicket,1,0,1,1,BackOfALength,OutsideOff,None,BackFoot,Worked,OffBreak,Round,OffSpin,Right,Null,NotReferred,Null,False,False,False,False,False,True,False,False,False,False,False,False,1,0,0,0,0,False,False,,,,,,
1630135,8,6.62,5,0,0,53,2,5,76090,,40908,Study NT Top End T20 Series,2,1488,NT Strike,1493,Nepal A,8705795,2026-08-21T10:50:49Z,5,47,False,2233,Pawan Sarraf,1020,Jordan Silk,21970,Douwtjie Hoogenboezem,167.0,144.0,Right,Deep Backward Point,1,0,1,1,LengthBall,OffStump,None,FrontFoot,ReverseSweep,OffBreak,Over,OffSpin,Right,Null,NotReferred,Null,False,False,False,False,False,True,False,False,False,False,False,False,1,0,0,0,0,False,False,,,,,,
1630135,8,6.62,5,0,0,53,2,5,76090,,40908,Study NT Top End T20 Series,2,1488,NT Strike,1493,Nepal A,8705802,2026-08-21T10:51:14Z,6,48,False,2233,Pawan Sarraf,21970,Douwtjie Hoogenboezem,1020,Jordan Silk,292.0,118.0,Left,Long Off,1,0,1,1,LengthBall,OutsideOff,None,FrontFoot,Pushed,OffBreak,Round,OffSpin,Right,Null,NotReferred,Null,False,False,False,False,False,True,False,False,False,False,False,False,1,0,0,0,0,False,False,,,,,,
1630142,9,6.89,9,0,0,62,2,9,76090,,40908,Study NT Top End T20 Series,2,1488,NT Strike,1493,Nepal A,8705822,2026-08-21T10:52:42Z,1,49,False,3556,Kushal Malla,21970,Douwtjie Hoogenboezem,1020,Jordan Silk,151.0,136.0,Left,Deep Backward Square Leg,1,0,1,1,LengthBall,LegStump,None,FrontFoot,Worked,StockBall,Round,Orthodox,Left,Null,NotReferred,Null,False,False,False,False,False,True,False,False,False,False,False,False,1,0,0,0,0,False,False,,,,,,
1630142,9,6.89,9,0,0,62,2,9,76090,,40908,Study NT Top End T20 Series,2,1488,NT Strike,1493,Nepal A,8705830,2026-08-21T10:53:18Z,2,50,False,3556,Kushal Malla,1020,Jordan Silk,21970,Douwtjie Hoogenboezem,277.0,120.0,Right,Bowler,1,0,1,1,BackOfALength,OffStump,None,BackFoot,Pushed,StockBall,Round,Orthodox,Left,Null,NotReferred,Null,False,False,False,False,False,True,False,False,False,False,False,False,1,0,0,0,0,False,False,,,,,,
1630142,9,6.89,9,0,0,62,2,9,76090,,40908,Study NT Top End T20 Series,2,1488,NT Strike,1493,Nepal A,8705841,2026-08-21T10:53:49Z,3,51,False,3556,Kushal Malla,21970,Douwtjie Hoogenboezem,1020,Jordan Silk,228.0,115.0,Left,Deep Mid Wicket,1,0,1,1,LengthBall,LegStump,None,FrontFoot,Worked,StockBall,Round,Orthodox,Left,Null,NotReferred,Null,False,False,False,False,False,True,False,False,False,False,False,False,1,0,0,0,0,False,False,,,,,,
1630142,9,6.89,9,0,0,62,2,9,76090,,40908,Study NT Top End T20 Series,2,1488,NT Strike,1493,Nepal A,8705850,2026-08-21T10:54:17Z,4,52,False,3556,Kushal Malla,1020,Jordan Silk,21970,Douwtjie Hoogenboezem,208.0,175.0,Right,Deep Cover,4,0,4,4,HalfVolley,OutsideOff,MisTimed,FrontFoot,Drive,StockBall,Round,Orthodox,Left,Null,NotReferred,Null,False,False,False,False,False,True,False,False,False,False,False,False,4,0,0,0,0,True,False,,,,,,
1630142,9,6.89,9,0,0,62,2,9,76090,,40908,Study NT Top End T20 Series,2,1488,NT Strike,1493,Nepal A,8705861,2026-08-21T10:55:02Z,5,53,False,3556,Kushal Malla,1020,Jordan Silk,21970,Douwtjie Hoogenboezem,201.0,155.0,Right,Deep Cover,1,0,1,1,BackOfALength,OutsideOff,None,BackFoot,Drive,StockBall,Round,Orthodox,Left,Null,NotReferred,Null,False,False,False,False,False,True,False,False,False,False,False,False,1,0,0,0,0,False,False,,,,,,
1630142,9,6.89,9,0,0,62,2,9,76090,,40908,Study NT Top End T20 Series,2,1488,NT Strike,1493,Nepal A,8705870,2026-08-21T10:55:30Z,6,54,False,3556,Kushal Malla,21970,Douwtjie Hoogenboezem,1020,Jordan Silk,234.0,125.0,Left,Deep Mid Wicket,1,0,1,1,HalfVolley,MiddleStump,None,FrontFoot,Flick,StockBall,Round,Orthodox,Left,Null,NotReferred,Null,False,False,False,False,False,True,False,False,False,False,False,False,1,0,0,0,0,False,False,,,,,,
1630153,10,6.7,5,0,0,67,2,5,76090,,40908,Study NT Top End T20 Series,2,1488,NT Strike,1493,Nepal A,8705887,2026-08-21T10:56:56Z,1,55,False,3061,Kushal Bhurtel,21970,Douwtjie Hoogenboezem,1020,Jordan Silk,8.0,136.0,Left,Deep Backward Point,2,0,2,2,BackOfALength,OutsideOff,ThickEdge,BackFoot,Drive,LegSpinner,Over,LegSpin,Right,Null,NotReferred,Null,False,False,False,False,False,True,False,False,False,False,False,False,2,0,0,0,0,False,False,,,,,,
1630153,10,6.7,5,0,0,67,2,5,76090,,40908,Study NT Top End T20 Series,2,1488,NT Strike,1493,Nepal A,8705895,2026-08-21T10:57:26Z,2,56,False,3061,Kushal Bhurtel,21970,Douwtjie Hoogenboezem,1020,Jordan Silk,0.0,0.0,Left,Wicketkeeper,0,0,0,0,Short,OutsideOff,Missed,BackFoot,Cut,LegSpinner,Over,LegSpin,Right,Null,NotReferred,Null,False,False,False,False,False,True,False,False,False,False,False,False,0,0,0,0,0,False,False,,,,,,
1630153,10,6.7,5,0,0,67,2,5,76090,,40908,Study NT Top End T20 Series,2,1488,NT Strike,1493,Nepal A,8705901,2026-08-21T10:57:44Z,3,57,False,3061,Kushal Bhurtel,21970,Douwtjie Hoogenboezem,1020,Jordan Silk,196.0,62.0,Left,Square Leg,1,0,1,1,BackOfALength,OutsideOff,MisTimed,BackFoot,Pull,LegSpinner,Over,LegSpin,Right,Null,NotReferred,Null,False,False,False,False,False,True,False,False,False,False,False,False,1,0,0,0,0,False,False,,,,,,
1630153,10,6.7,5,0,0,67,2,5,76090,,40908,Study NT Top End T20 Series,2,1488,NT Strike,1493,Nepal A,8705912,2026-08-21T10:58:25Z,4,58,False,3061,Kushal Bhurtel,1020,Jordan Silk,21970,Douwtjie Hoogenboezem,313.0,121.0,Right,Deep Mid Wicket,1,0,1,1,BackOfALength,OutsideOff,None,BackFoot,Pull,Googly,Over,LegSpin,Right,Null,NotReferred,Null,False,False,False,False,False,True,False,False,False,False,False,False,1,0,0,0,0,False,False,,,,,,
1630153,10,6.7,5,0,0,67,2,5,76090,,40908,Study NT Top End T20 Series,2,1488,NT Strike,1493,Nepal A,8705917,2026-08-21T10:58:55Z,5,59,False,3061,Kushal Bhurtel,21970,Douwtjie Hoogenboezem,1020,Jordan Silk,308.0,76.0,Left,Extra Cover,0,0,0,0,BackOfALength,OffStump,None,BackFoot,Pushed,Googly,Over,LegSpin,Right,Null,NotReferred,Null,False,False,False,False,False,True,False,False,False,False,False,False,0,0,0,0,0,False,False,,,,,,
1630153,10,6.7,5,0,0,67,2,5,76090,,40908,Study NT Top End T20 Series,2,1488,NT Strike,1493,Nepal A,8705924,2026-08-21T10:59:15Z,6,60,False,3061,Kushal Bhurtel,21970,Douwtjie Hoogenboezem,1020,Jordan Silk,223.0,148.0,Left,Deep Mid Wicket,1,0,1,1,Short,MiddleStump,None,BackFoot,Pull,Googly,Over,LegSpin,Right,Null,NotReferred,Null,False,False,False,False,True,True,False,False,False,False,False,False,1,0,0,0,0,False,False,,,,,,
1630161,11,7.64,17,0,0,84,2,17,76090,,40908,Study NT Top End T20 Series,2,1488,NT Strike,1493,Nepal A,8705937,2026-08-21T11:00:14Z,1,61,False,3556,Kushal Malla,21970,Douwtjie Hoogenboezem,1020,Jordan Silk,229.0,87.0,Left,Mid Wicket,1,0,1,1,HalfVolley,MiddleStump,MisTimed,FrontFoot,Drive,StockBall,Round,Orthodox,Left,Null,NotReferred,Null,False,False,False,False,False,True,False,False,False,False,False,False,1,0,0,0,0,False,False,,,,,,
1630161,11,7.64,17,0,0,84,2,17,76090,,40908,Study NT Top End T20 Series,2,1488,NT Strike,1493,Nepal A,8705946,2026-08-21T11:00:42Z,2,62,False,3556,Kushal Malla,1020,Jordan Silk,21970,Douwtjie Hoogenboezem,295.0,179.0,Right,,6,0,6,6,FullToss,OutsideOff,Middled,FrontFoot,Slog,StockBall,Round,Orthodox,Left,Null,NotReferred,Null,False,False,False,False,True,True,False,False,False,False,False,False,6,0,0,0,0,True,False,,,,,,
1630161,11,7.64,17,0,0,84,2,17,76090,,40908,Study NT Top End T20 Series,2,1488,NT Strike,1493,Nepal A,8705955,2026-08-21T11:01:12Z,3,63,False,3556,Kushal Malla,1020,Jordan Silk,21970,Douwtjie Hoogenboezem,,,Right,,1,0,1,1,,,,0,,StockBall,Over,Orthodox,Left,Null,NotReferred,Null,False,False,False,False,False,True,False,False,False,False,False,False,1,0,0,0,0,False,False,,,,,,
1630161,11,7.64,17,0,0,84,2,17,76090,,40908,Study NT Top End T20 Series,2,1488,NT Strike,1493,Nepal A,8705961,2026-08-21T11:01:37Z,4,64,False,3556,Kushal Malla,21970,Douwtjie Hoogenboezem,1020,Jordan Silk,238.0,138.0,Left,Deep Mid Wicket,1,0,1,1,LengthBall,OffStump,None,FrontFoot,Worked,StockBall,Round,Orthodox,Left,Null,NotReferred,Null,False,False,False,False,False,True,False,False,False,False,False,False,1,0,0,0,0,False,False,,,,,,
1630161,11,7.64,17,0,0,84,2,17,76090,,40908,Study NT Top End T20 Series,2,1488,NT Strike,1493,Nepal A,8705968,2026-08-21T11:02:06Z,5,65,False,3556,Kushal Malla,1020,Jordan Silk,21970,Douwtjie Hoogenboezem,162.0,143.0,Right,Deep Backward Point,2,0,2,2,Short,OutsideOff,None,BackFoot,Cut,StockBall,Round,Orthodox,Left,Null,NotReferred,Null,False,False,False,False,False,True,False,False,False,False,False,False,2,0,0,0,0,False,False,,,,,,
1630161,11,7.64,17,0,0,84,2,17,76090,,40908,Study NT Top End T20 Series,2,1488,NT Strike,1493,Nepal A,8705977,2026-08-21T11:02:37Z,6,66,False,3556,Kushal Malla,1020,Jordan Silk,21970,Douwtjie Hoogenboezem,224.0,177.0,Right,,6,0,6,6,BackOfALength,OutsideOff,Middled,FrontFoot,Drive,StockBall,Round,Orthodox,Left,Null,NotReferred,Null,False,False,False,False,True,True,False,False,False,False,False,False,6,0,0,0,0,True,False,,,,,,
1630172,12,7.5,6,0,0,90,2,6,76090,,40908,Study NT Top End T20 Series,2,1488,NT Strike,1493,Nepal A,8705991,2026-08-21T11:03:37Z,1,67,False,3061,Kushal Bhurtel,21970,Douwtjie Hoogenboezem,1020,Jordan Silk,234.0,136.0,Left,Deep Mid Wicket,1,0,1,1,BackOfALength,LegStump,None,BackFoot,Worked,Googly,Over,LegSpin,Right,Null,NotReferred,Null,False,False,False,False,False,True,False,False,False,False,False,False,1,0,0,0,0,False,False,,,,,,
1630172,12,7.5,6,0,0,90,2,6,76090,,40908,Study NT Top End T20 Series,2,1488,NT Strike,1493,Nepal A,8706001,2026-08-21T11:04:15Z,2,68,False,3061,Kushal Bhurtel,1020,Jordan Silk,21970,Douwtjie Hoogenboezem,46.0,68.0,Right,Short Fine Leg,1,0,1,1,HalfVolley,OutsideOff,None,MovesInfront,Scoop,LegSpinner,Over,LegSpin,Right,Null,NotReferred,Null,False,False,False,False,False,True,False,False,False,False,False,False,1,0,0,0,0,False,False,,,,,,
1630172,12,7.5,6,0,0,90,2,6,76090,,40908,Study NT Top End T20 Series,2,1488,NT Strike,1493,Nepal A,8706006,2026-08-21T11:04:41Z,3,69,False,3061,Kushal Bhurtel,21970,Douwtjie Hoogenboezem,1020,Jordan Silk,200.0,128.0,Left,Deep Square Leg,1,0,1,1,BackOfALength,LegStump,None,BackFoot,Worked,LegSpinner,Over,LegSpin,Right,Null,NotReferred,Null,False,False,False,False,False,True,False,False,False,False,False,False,1,0,0,0,0,False,False,,,,,,
1630172,12,7.5,6,0,0,90,2,6,76090,,40908,Study NT Top End T20 Series,2,1488,NT Strike,1493,Nepal A,8706013,2026-08-21T11:05:06Z,4,70,False,3061,Kushal Bhurtel,1020,Jordan Silk,21970,Douwtjie Hoogenboezem,248.0,137.0,Right,Long Off,1,0,1,1,LengthBall,LegStump,None,BacksAway,Drive,Googly,Over,LegSpin,Right,Null,NotReferred,Null,False,False,False,False,False,True,False,False,False,False,False,False,1,0,0,0,0,False,False,,,,,,
1630172,12,7.5,6,0,0,90,2,6,76090,,40908,Study NT Top End T20 Series,2,1488,NT Strike,1493,Nepal A,8706017,2026-08-21T11:05:34Z,5,71,False,3061,Kushal Bhurtel,21970,Douwtjie Hoogenboezem,1020,Jordan Silk,225.0,140.0,Left,Deep Mid Wicket,2,0,2,2,LengthBall,LegStump,None,FrontFoot,Worked,LegSpinner,Over,LegSpin,Right,Null,NotReferred,Null,False,False,False,False,False,True,False,False,False,False,False,False,2,0,0,0,0,False,False,,,,,,
1630172,12,7.5,6,0,0,90,2,6,76090,,40908,Study NT Top End T20 Series,2,1488,NT Strike,1493,Nepal A,8706024,2026-08-21T11:06:10Z,6,72,False,3061,Kushal Bhurtel,21970,Douwtjie Hoogenboezem,1020,Jordan Silk,0.0,0.0,Left,Wicketkeeper,0,0,0,0,BackOfALength,OutsideOff,Missed,BackFoot,Cut,LegSpinner,Over,LegSpin,Right,Null,NotReferred,Null,False,False,False,False,False,True,False,False,False,False,False,False,0,0,0,0,0,False,False,,,,,,
1630180,13,7.38,6,0,0,96,2,6,76090,,40908,Study NT Top End T20 Series,2,1488,NT Strike,1493,Nepal A,8706048,2026-08-21T11:07:52Z,1,73,False,14791,Akash Chand,1020,Jordan Silk,21970,Douwtjie Hoogenboezem,0.0,0.0,Right,Wicketkeeper,0,0,0,0,BackOfALength,OutsideOff,BottomEdge,BacksAway,Cut,NoMovement,Over,Medium,Right,Null,NotReferred,Null,False,False,False,False,False,True,False,False,False,False,False,False,0,0,0,0,0,False,False,,,,,,
1630180,13,7.38,6,0,0,96,2,6,76090,,40908,Study NT Top End T20 Series,2,1488,NT Strike,1493,Nepal A,8706056,2026-08-21T11:08:39Z,2,74,False,14791,Akash Chand,1020,Jordan Silk,21970,Douwtjie Hoogenboezem,166.0,54.0,Right,Backward Point,0,0,0,0,LengthBall,OutsideOff,ThickEdge,FrontFoot,Drive,NoMovement,Over,Medium,Right,Null,NotReferred,Null,False,False,False,False,False,True,False,False,False,False,False,False,0,0,0,0,0,False,False,,,,,,
1630180,13,7.38,6,0,0,96,2,6,76090,,40908,Study NT Top End T20 Series,2,1488,NT Strike,1493,Nepal A,8706064,2026-08-21T11:09:19Z,3,75,False,14791,Akash Chand,1020,Jordan Silk,21970,Douwtjie Hoogenboezem,50.0,40.0,Right,Short Fine Leg,0,0,0,0,LengthBall,OutsideOff,InsideEdge,FrontFoot,Drive,NoMovement,Over,Medium,Right,Null,NotReferred,Null,False,False,False,False,False,True,False,False,False,False,False,False,0,0,0,0,0,False,False,,,,,,
1630180,13,7.38,6,0,0,96,2,6,76090,,40908,Study NT Top End T20 Series,2,1488,NT Strike,1493,Nepal A,8706078,2026-08-21T11:10:08Z,4,76,False,14791,Akash Chand,1020,Jordan Silk,21970,Douwtjie Hoogenboezem,1.0,138.0,Right,Deep Backward Square Leg,1,0,1,1,LengthBall,OffStump,None,FrontFoot,Flick,NoMovement,Over,Medium,Right,Null,NotReferred,Null,False,False,False,False,False,True,False,False,False,False,False,False,1,0,0,0,0,False,False,,,,,,
1630180,13,7.38,6,0,0,96,2,6,76090,,40908,Study NT Top End T20 Series,2,1488,NT Strike,1493,Nepal A,8706090,2026-08-21T11:11:05Z,5,77,False,14791,Akash Chand,21970,Douwtjie Hoogenboezem,1020,Jordan Silk,120.0,161.0,Left,,4,0,4,4,Short,DownLeg,WellTimed,BackFoot,Pull,NoMovement,Over,Medium,Right,Null,NotReferred,Null,False,False,False,False,False,True,False,False,False,False,False,False,4,0,0,0,0,True,False,,,,,,
1630180,13,7.38,6,0,0,96,2,6,76090,,40908,Study NT Top End T20 Series,2,1488,NT Strike,1493,Nepal A,8706099,2026-08-21T11:11:51Z,6,78,False,14791,Akash Chand,21970,Douwtjie Hoogenboezem,1020,Jordan Silk,214.0,123.0,Left,Deep Mid Wicket,1,0,1,1,Short,MiddleStump,None,BackFoot,Pull,NoMovement,Over,Medium,Right,Null,NotReferred,Null,False,False,False,False,False,True,False,False,False,False,False,False,1,0,0,0,0,False,False,,,,,,
1630190,14,7.93,15,0,0,111,2,15,76090,,40908,Study NT Top End T20 Series,2,1488,NT Strike,1493,Nepal A,8706111,2026-08-21T11:13:03Z,1,79,False,3061,Kushal Bhurtel,21970,Douwtjie Hoogenboezem,1020,Jordan Silk,241.0,146.0,Left,Long On,1,0,1,1,BackOfALength,LegStump,None,BackFoot,Worked,Googly,Over,LegSpin,Right,Null,NotReferred,Null,False,False,False,False,False,True,False,False,False,False,False,False,1,0,0,0,0,False,False,,,,,,
1630190,14,7.93,15,0,0,111,2,15,76090,,40908,Study NT Top End T20 Series,2,1488,NT Strike,1493,Nepal A,8706117,2026-08-21T11:13:41Z,2,80,False,3061,Kushal Bhurtel,1020,Jordan Silk,21970,Douwtjie Hoogenboezem,202.0,155.0,Right,Deep Cover,1,0,1,1,BackOfALength,OffStump,None,BacksAway,Drive,LegSpinner,Over,LegSpin,Right,Null,NotReferred,Null,False,False,False,False,False,True,False,False,False,False,False,False,1,0,0,0,0,False,False,,,,,,
1630190,14,7.93,15,0,0,111,2,15,76090,,40908,Study NT Top End T20 Series,2,1488,NT Strike,1493,Nepal A,8706122,2026-08-21T11:14:06Z,3,81,False,3061,Kushal Bhurtel,21970,Douwtjie Hoogenboezem,1020,Jordan Silk,192.0,172.0,Left,,6,0,6,6,LengthBall,LegStump,Middled,FrontFoot,SlogSweep,LegSpinner,Over,LegSpin,Right,Null,NotReferred,Null,False,False,False,False,True,True,False,False,False,False,False,False,6,0,0,0,0,True,False,,,,,,
1630190,14,7.93,15,0,0,111,2,15,76090,,40908,Study NT Top End T20 Series,2,1488,NT Strike,1493,Nepal A,8706131,2026-08-21T11:14:37Z,4,82,False,3061,Kushal Bhurtel,21970,Douwtjie Hoogenboezem,1020,Jordan Silk,242.0,143.0,Left,Long On,1,0,1,1,LengthBall,LegStump,None,DownTheTrack,Flick,LegSpinner,Over,LegSpin,Right,Null,NotReferred,Null,False,False,False,False,False,True,False,False,False,False,False,False,1,0,0,0,0,False,False,,,,,,
1630190,14,7.93,15,0,0,111,2,15,76090,,40908,Study NT Top End T20 Series,2,1488,NT Strike,1493,Nepal A,8706137,2026-08-21T11:15:04Z,5,83,False,3061,Kushal Bhurtel,1020,Jordan Silk,21970,Douwtjie Hoogenboezem,24.0,166.0,Right,,4,0,4,4,LengthBall,OutsideOff,WellTimed,MovesInfront,Sweep,LegSpinner,Over,LegSpin,Right,Null,NotReferred,Null,False,False,False,False,False,True,False,False,False,False,False,False,4,0,0,0,0,True,False,,,,,,
1630190,14,7.93,15,0,0,111,2,15,76090,,40908,Study NT Top End T20 Series,2,1488,NT Strike,1493,Nepal A,8706144,2026-08-21T11:15:33Z,6,84,False,3061,Kushal Bhurtel,1020,Jordan Silk,21970,Douwtjie Hoogenboezem,,,Right,,2,0,2,2,,,,0,,LegSpinner,Over,LegSpin,Right,Null,NotReferred,Null,False,False,False,False,False,True,False,False,False,False,False,False,2,0,0,0,0,False,False,,,,,,
1630200,15,8.2,12,0,0,123,2,12,76090,,40908,Study NT Top End T20 Series,2,1488,NT Strike,1493,Nepal A,8706163,2026-08-21T11:17:08Z,1,85,False,14791,Akash Chand,21970,Douwtjie Hoogenboezem,1020,Jordan Silk,170.0,139.0,Left,Deep Backward Square Leg,1,0,1,1,Short,DownLeg,None,BackFoot,Pull,NoMovement,Over,Medium,Right,Null,NotReferred,Null,False,False,False,False,False,True,False,False,False,False,False,False,1,0,0,0,0,False,False,,,,,,
1630200,15,8.2,12,0,0,123,2,12,76090,,40908,Study NT Top End T20 Series,2,1488,NT Strike,1493,Nepal A,8706172,2026-08-21T11:17:52Z,2,86,False,14791,Akash Chand,1020,Jordan Silk,21970,Douwtjie Hoogenboezem,306.0,74.0,Right,Mid Wicket,1,0,1,1,LengthBall,OutsideOff,InsideEdge,FrontFoot,Drive,OffCutter,Over,Medium,Right,Null,NotReferred,Null,False,False,False,False,False,True,False,False,False,False,False,False,1,0,0,0,0,False,False,,,,,,
1630200,15,8.2,12,0,0,123,2,12,76090,,40908,Study NT Top End T20 Series,2,1488,NT Strike,1493,Nepal A,8706183,2026-08-21T11:18:48Z,3,87,False,14791,Akash Chand,21970,Douwtjie Hoogenboezem,1020,Jordan Silk,0.0,0.0,Left,Bowler,0,0,0,0,HalfVolley,OffStump,MisTimed,FrontFoot,Drive,NoMovement,Over,Medium,Right,Null,NotReferred,Null,False,False,False,False,False,True,False,False,False,False,False,False,0,0,0,0,0,False,False,,,,,,
1630200,15,8.2,12,0,0,123,2,12,76090,,40908,Study NT Top End T20 Series,2,1488,NT Strike,1493,Nepal A,8706192,2026-08-21T11:19:29Z,4,88,False,14791,Akash Chand,21970,Douwtjie Hoogenboezem,1020,Jordan Silk,215.0,132.0,Left,Deep Mid Wicket,2,0,2,2,LengthBall,OutsideOff,None,FrontFoot,Slog,LegCutter,Over,Medium,Right,Null,NotReferred,Null,False,False,False,False,False,True,False,False,False,False,False,False,2,0,0,0,0,False,False,,,,,,
1630200,15,8.2,12,0,0,123,2,12,76090,,40908,Study NT Top End T20 Series,2,1488,NT Strike,1493,Nepal A,8706202,2026-08-21T11:20:13Z,5,89,False,14791,Akash Chand,21970,Douwtjie Hoogenboezem,1020,Jordan Silk,150.0,165.0,Left,,4,0,4,4,Short,DownLeg,WellTimed,BackFoot,Pull,NoMovement,Over,Medium,Right,Null,NotReferred,Null,False,False,False,False,True,True,False,False,False,False,False,False,4,0,0,0,0,True,False,,,,,,
1630200,15,8.2,12,0,0,123,2,12,76090,,40908,Study NT Top End T20 Series,2,1488,NT Strike,1493,Nepal A,8706213,2026-08-21T11:21:09Z,6,90,False,14791,Akash Chand,21970,Douwtjie Hoogenboezem,1020,Jordan Silk,135.0,163.0,Left,,4,0,4,4,HalfVolley,DownLeg,WellTimed,FrontFoot,Flick,NoMovement,Over,Medium,Right,Null,NotReferred,Null,False,False,False,False,False,True,False,False,False,False,False,False,4,0,0,0,0,True,False,,,,,,
