over_id,over_overNumber,over_runrate,over_runsConceded,over_wickets,over_runsExtras,over_totalInningRuns,over_totalInningWickets,over_totalRuns,id,fixtureId,fixtureName,inningNumber,battingTeamId,battingTeamName,bowlingTeamId,bowlingTeamName,id,ballDateTime,ballNumber,totalBallNumber,isWicket,dismissalTypeId,dismissalPlayerId,dismissalPlayerName,bowlerPlayerId,bowlerPlayerName,battingPlayerId,battingPlayerName,nonStrikeBattingPlayerId,nonStrikeBattingPlayerName,battingHandId,fieldingPosition,runsConceded,extras,runs,runsScored,dismissalType,lengthTypeId,lineTypeId,appealDismissalTypeId,battingConnectionId,battingFeetId,battingShotTypeId,bowlingDetailId,bowlingFromId,bowlingTypeId,bowlingHandId,outcomeId,referralOutcomeId,noBallReasonId,isWide,isNoBall,isByes,isLegByes,isAirControlled,isAppeal,decisionOfficialId,isFreeHit,isNewBall,isPowerPlay,isBattingPowerPlay,isFloodLit,isReferred,teamRuns,runsByes,runsWide,runsLegByes,noBallsCount,isBoundry,isAirNotControlled,shotAngle,shotMagnitude,matchName
1605094,2,3.0,1,2,0,6,2,1,75327,24484,England v India T20s 2026 - Men,1,3,India Men,1,England Men,8546037,2026-07-01T16:37:36Z,1,7,False,,,,646,Saqib Mahmood,10924,Sanju Samson,2665,Abhishek Sharma,Right,Cover,0,0,0,0,,HalfVolley,OutsideOff,,WellTimed,FrontFoot,Drive,NoMovement,Over,FastSeam,Right,Null,NotReferred,Null,False,False,False,False,False,True,,False,False,True,False,False,False,0,0,0,0,0,False,False,188.0,78.0,
1605094,2,3.0,1,2,0,6,2,1,75327,24484,England v India T20s 2026 - Men,1,3,India Men,1,England Men,8546040,2026-07-01T16:38:17Z,2,8,False,,,,646,Saqib Mahmood,10924,Sanju Samson,2665,Abhishek Sharma,Right,Extra Cover,0,0,0,0,,BackOfALength,OutsideOff,,MisTimed,BackFoot,Cut,SeamIn,Over,FastSeam,Right,Null,NotReferred,Null,False,False,False,False,False,True,,False,False,True,False,False,False,0,0,0,0,0,False,False,226.0,50.0,
1605094,2,3.0,1,2,0,6,2,1,75327,24484,England v India T20s 2026 - Men,1,3,India Men,1,England Men,8546043,2026-07-01T16:39:05Z,3,9,False,,,,646,Saqib Mahmood,10924,Sanju Samson,2665,Abhishek Sharma,Right,Wicketkeeper,1,1,1,0,,LengthBall,Wide,,Missed,BackFoot,Cut,NoMovement,Over,FastSeam,Right,Null,NotReferred,Null,True,False,False,False,False,True,,False,False,True,False,False,False,1,0,1,0,0,False,False,,,
1605094,2,3.0,1,2,0,6,2,1,75327,24484,England v India T20s 2026 - Men,1,3,India Men,1,England Men,8546047,2026-07-01T16:39:42Z,3,10,False,,,,646,Saqib Mahmood,10924,Sanju Samson,2665,Abhishek Sharma,Right,Short Third Man,0,0,0,0,,BackOfALength,OutsideOff,,None,BackFoot,Steer,NoMovement,Over,FastSeam,Right,Null,NotReferred,Null,False,False,False,False,False,True,,False,False,True,False,False,False,0,0,0,0,0,False,False,136.0,73.0,
1605094,2,3.0,1,2,0,6,2,1,75327,24484,England v India T20s 2026 - Men,1,3,India Men,1,England Men,8546050,2026-07-01T16:40:22Z,4,11,True,Caught,10924.0,Sanju Samson,646,Saqib Mahmood,10924,Sanju Samson,2665,Abhishek Sharma,Right,Short Third Man,0,0,0,0,Caught,LengthBall,OutsideOff,Caught,ThickEdge,FrontFoot,Drive,NoMovement,Over,FastSeam,Right,Null,NotReferred,Null,False,False,False,False,False,True,1942.0,False,False,True,False,False,False,0,0,0,0,0,False,True,140.0,67.0,
1605094,2,3.0,1,2,0,6,2,1,75327,24484,England v India T20s 2026 - Men,1,3,India Men,1,England Men,8546056,2026-07-01T16:42:14Z,5,12,False,,,,646,Saqib Mahmood,10923,Ishan Kishan,2665,Abhishek Sharma,Left,Mid Wicket,0,0,0,0,,LengthBall,DownLeg,,None,BackFoot,Worked,NoMovement,Over,FastSeam,Right,Null,NotReferred,Null,False,False,False,False,False,True,,False,False,True,False,False,False,0,0,0,0,0,False,False,225.0,60.0,
1605094,2,3.0,1,2,0,6,2,1,75327,24484,England v India T20s 2026 - Men,1,3,India Men,1,England Men,8546060,2026-07-01T16:42:51Z,6,13,True,RunOut,10923.0,Ishan Kishan,646,Saqib Mahmood,10923,Ishan Kishan,2665,Abhishek Sharma,Left,Mid Wicket,0,0,0,0,Run out,LengthBall,DownLeg,RunOut,None,BackFoot,Worked,NoMovement,Over,FastSeam,Right,Null,OutThirdUmpire,Null,False,False,False,False,False,True,1825.0,False,False,True,False,False,True,0,0,0,0,0,False,False,240.0,66.0,
1605099,3,5.0,9,0,0,15,2,9,75327,24484,England v India T20s 2026 - Men,1,3,India Men,1,England Men,8546062,2026-07-01T16:45:11Z,1,14,False,,,,139,Liam Dawson,2665,Abhishek Sharma,10922,Shreyas Iyer,Left,Deep Mid Wicket,1,0,1,1,,BackOfALength,LegStump,,None,FrontFoot,Flick,StockBall,Round,Orthodox,Left,Null,NotReferred,Null,False,False,False,False,True,True,,False,False,True,False,False,False,1,0,0,0,0,False,False,231.0,123.0,
1605099,3,5.0,9,0,0,15,2,9,75327,24484,England v India T20s 2026 - Men,1,3,India Men,1,England Men,8546063,2026-07-01T16:45:54Z,2,15,False,,,,139,Liam Dawson,10922,Shreyas Iyer,2665,Abhishek Sharma,Right,Bowler,1,0,1,1,,LengthBall,OffStump,,WellTimed,FrontFoot,Drive,StockBall,Round,Orthodox,Left,Null,NotReferred,Null,False,False,False,False,False,True,,False,False,True,False,False,False,1,0,0,0,0,False,False,253.0,91.0,
1605099,3,5.0,9,0,0,15,2,9,75327,24484,England v India T20s 2026 - Men,1,3,India Men,1,England Men,8546064,2026-07-01T16:46:18Z,3,16,False,,,,139,Liam Dawson,2665,Abhishek Sharma,10922,Shreyas Iyer,Left,,6,0,6,6,,BackOfALength,MiddleStump,,Middled,FrontFoot,Drive,StockBall,Round,Orthodox,Left,Null,NotReferred,Null,False,False,False,False,True,True,,False,False,True,False,False,False,6,0,0,0,0,True,False,308.0,178.0,
1605099,3,5.0,9,0,0,15,2,9,75327,24484,England v India T20s 2026 - Men,1,3,India Men,1,England Men,8546065,2026-07-01T16:47:26Z,4,17,False,,,,139,Liam Dawson,2665,Abhishek Sharma,10922,Shreyas Iyer,Left,Short Fine Leg,1,0,1,1,,BackOfALength,MiddleStump,,None,FrontFoot,Flick,StockBall,Round,Orthodox,Left,Null,NotReferred,Null,False,False,False,False,False,True,,False,False,True,False,False,False,1,0,0,0,0,False,False,138.0,51.0,
1605099,3,5.0,9,0,0,15,2,9,75327,24484,England v India T20s 2026 - Men,1,3,India Men,1,England Men,8546066,2026-07-01T16:47:57Z,5,18,False,,,,139,Liam Dawson,10922,Shreyas Iyer,2665,Abhishek Sharma,Right,Mid Wicket,0,0,0,0,,BackOfALength,OffStump,,None,BackFoot,Worked,StockBall,Round,Orthodox,Left,Null,NotReferred,Null,False,False,False,False,False,True,,False,False,True,False,False,False,0,0,0,0,0,False,False,329.0,68.0,
1605099,3,5.0,9,0,0,15,2,9,75327,24484,England v India T20s 2026 - Men,1,3,India Men,1,England Men,8546067,2026-07-01T16:48:15Z,6,19,False,,,,139,Liam Dawson,10922,Shreyas Iyer,2665,Abhishek Sharma,Right,Cover,0,0,0,0,,BackOfALength,OutsideOff,,None,FrontFoot,Drive,StockBall,Round,Orthodox,Left,Null,NotReferred,Null,False,False,False,False,False,True,,False,False,True,False,False,False,0,0,0,0,0,False,False,209.0,68.0,
1605100,4,9.0,21,0,0,36,2,21,75327,24484,England v India T20s 2026 - Men,1,3,India Men,1,England Men,8546068,2026-07-01T16:49:01Z,1,20,False,,,,646,Saqib Mahmood,2665,Abhishek Sharma,10922,Shreyas Iyer,Left,Extra Cover,0,0,0,0,,BackOfALength,LegStump,,None,BackFoot,Pushed,NoMovement,Over,FastSeam,Right,Null,NotReferred,Null,False,False,False,False,False,True,,False,False,True,False,False,False,0,0,0,0,0,False,False,314.0,63.0,
1605100,4,9.0,21,0,0,36,2,21,75327,24484,England v India T20s 2026 - Men,1,3,India Men,1,England Men,8546069,2026-07-01T16:49:38Z,2,21,False,,,,646,Saqib Mahmood,2665,Abhishek Sharma,10922,Shreyas Iyer,Left,,4,0,4,4,,Short,DownLeg,,WellTimed,BackFoot,Pull,NoMovement,Over,FastSeam,Right,Null,NotReferred,Null,False,False,False,False,True,True,,False,False,True,False,False,False,4,0,0,0,0,True,False,128.0,162.0,
1605100,4,9.0,21,0,0,36,2,21,75327,24484,England v India T20s 2026 - Men,1,3,India Men,1,England Men,8546070,2026-07-01T16:50:17Z,3,22,False,,,,646,Saqib Mahmood,2665,Abhishek Sharma,10922,Shreyas Iyer,Left,,6,0,6,6,,Short,DownLeg,,Middled,BackFoot,Pull,NoMovement,Over,FastSeam,Right,Null,NotReferred,Null,False,False,False,False,True,True,,False,False,True,False,False,False,6,0,0,0,0,True,False,151.0,165.0,
1605100,4,9.0,21,0,0,36,2,21,75327,24484,England v India T20s 2026 - Men,1,3,India Men,1,England Men,8546071,2026-07-01T16:51:02Z,4,23,False,,,,646,Saqib Mahmood,2665,Abhishek Sharma,10922,Shreyas Iyer,Left,,6,0,6,6,,BackOfALength,LegStump,,Middled,BackFoot,Pull,OffCutter,Over,FastSeam,Right,Null,NotReferred,Null,False,False,False,False,True,True,,False,False,True,False,False,False,6,0,0,0,0,True,False,210.0,175.0,
1605100,4,9.0,21,0,0,36,2,21,75327,24484,England v India T20s 2026 - Men,1,3,India Men,1,England Men,8546072,2026-07-01T16:52:00Z,5,5,False,,,,646,Saqib Mahmood,2665,Abhishek Sharma,10922,Shreyas Iyer,Left,Deep Square Leg,1,0,1,1,,BackOfALength,DownLeg,,WellTimed,BackFoot,Worked,NoMovement,Over,FastSeam,Right,Null,NotReferred,Null,False,False,False,False,False,True,,False,False,True,False,False,False,1,0,0,0,0,False,False,191.0,104.0,
1605100,4,9.0,21,0,0,36,2,21,75327,24484,England v India T20s 2026 - Men,1,3,India Men,1,England Men,8546073,2026-07-01T16:52:38Z,6,25,False,,,,646,Saqib Mahmood,10922,Shreyas Iyer,2665,Abhishek Sharma,Right,,4,0,4,4,,BackOfALength,OutsideOff,,Middled,BackFoot,Cut,NoMovement,Over,FastSeam,Right,Null,NotReferred,Null,False,False,False,False,False,True,,False,False,True,False,False,False,4,0,0,0,0,True,False,151.0,165.0,
1605101,5,10.4,16,0,0,52,2,16,75327,24484,England v India T20s 2026 - Men,1,3,India Men,1,England Men,8546074,2026-07-01T16:53:31Z,1,26,False,,,,354,Luke Wood,2665,Abhishek Sharma,10922,Shreyas Iyer,Left,Mid Off,0,0,0,0,,BackOfALength,OutsideOff,,None,BacksAway,Pushed,NoMovement,Over,FastSeam,Left,Null,NotReferred,Null,False,False,False,False,False,True,,False,False,True,False,False,False,0,0,0,0,0,False,False,286.0,73.0,
1605101,5,10.4,16,0,0,52,2,16,75327,24484,England v India T20s 2026 - Men,1,3,India Men,1,England Men,8546075,2026-07-01T16:54:06Z,2,27,False,,,,354,Luke Wood,2665,Abhishek Sharma,10922,Shreyas Iyer,Left,,4,0,4,4,,BackOfALength,OutsideOff,,WellTimed,BacksAway,Cut,NoMovement,Over,FastSeam,Left,Null,NotReferred,Null,False,False,False,False,True,True,,False,False,True,False,False,False,4,0,0,0,0,True,False,27.0,165.0,
1605101,5,10.4,16,0,0,52,2,16,75327,24484,England v India T20s 2026 - Men,1,3,India Men,1,England Men,8546076,2026-07-01T16:54:44Z,3,28,False,,,,354,Luke Wood,2665,Abhishek Sharma,10922,Shreyas Iyer,Left,,4,0,4,4,,LengthBall,OffStump,,WellTimed,BacksAway,Drive,NoMovement,Over,FastSeam,Left,Null,NotReferred,Null,False,False,False,False,True,True,,False,False,True,False,False,False,4,0,0,0,0,True,False,33.0,165.0,
1605101,5,10.4,16,0,0,52,2,16,75327,24484,England v India T20s 2026 - Men,1,3,India Men,1,England Men,8546077,2026-07-01T16:55:47Z,4,29,False,,,,354,Luke Wood,2665,Abhishek Sharma,10922,Shreyas Iyer,Left,,4,0,4,4,,BackOfALength,OutsideOff,,WellTimed,FrontFoot,Drive,NoMovement,Over,FastSeam,Left,Null,NotReferred,Null,False,False,False,False,True,True,,False,False,True,False,False,False,4,0,0,0,0,True,False,297.0,179.0,
1605101,5,10.4,16,0,0,52,2,16,75327,24484,England v India T20s 2026 - Men,1,3,India Men,1,England Men,8546078,2026-07-01T16:56:30Z,5,5,False,,,,354,Luke Wood,2665,Abhishek Sharma,10922,Shreyas Iyer,Left,Deep Square Leg,3,0,3,3,,Short,OutsideOff,,WellTimed,BackFoot,Pull,NoMovement,Over,FastSeam,Left,Null,NotReferred,Null,False,False,False,False,False,True,,False,False,True,False,False,False,3,0,0,0,0,False,False,193.0,164.0,
1605101,5,10.4,16,0,0,52,2,16,75327,24484,England v India T20s 2026 - Men,1,3,India Men,1,England Men,8546079,2026-07-01T16:57:15Z,6,31,False,,,,354,Luke Wood,10922,Shreyas Iyer,2665,Abhishek Sharma,Right,Cover,1,0,1,1,,LengthBall,MiddleStump,,Spliced,BackFoot,BackwardDefensive,NoMovement,Over,FastSeam,Left,Null,NotReferred,Null,False,False,False,False,False,True,,False,False,True,False,False,False,1,0,0,0,0,False,False,184.0,69.0,
1605102,6,10.17,9,0,0,61,2,9,75327,24484,England v India T20s 2026 - Men,1,3,India Men,1,England Men,8546080,2026-07-01T16:58:16Z,1,32,False,,,,474,Will Jacks,10922,Shreyas Iyer,2665,Abhishek Sharma,Right,Deep Mid Wicket,2,0,2,2,,LengthBall,MiddleStump,,WellTimed,BackFoot,Worked,OffBreak,Round,OffSpin,Right,Null,NotReferred,Null,False,False,False,False,False,True,,False,False,True,False,False,False,2,0,0,0,0,False,False,304.0,132.0,
1605102,6,10.17,9,0,0,61,2,9,75327,24484,England v India T20s 2026 - Men,1,3,India Men,1,England Men,8546081,2026-07-01T16:58:45Z,2,33,False,,,,474,Will Jacks,10922,Shreyas Iyer,2665,Abhishek Sharma,Right,Mid Off,1,0,1,1,,BackOfALength,OffStump,,None,BackFoot,Pushed,OffBreak,Round,OffSpin,Right,Null,NotReferred,Null,False,False,False,False,False,True,,False,False,True,False,False,False,1,0,0,0,0,False,False,246.0,75.0,
1605102,6,10.17,9,0,0,61,2,9,75327,24484,England v India T20s 2026 - Men,1,3,India Men,1,England Men,8546082,2026-07-01T16:59:14Z,3,34,False,,,,474,Will Jacks,2665,Abhishek Sharma,10922,Shreyas Iyer,Left,Extra Cover,0,0,0,0,,LengthBall,OffStump,,MisTimed,BackFoot,Cut,OffBreak,Round,OffSpin,Right,Null,NotReferred,Null,False,False,False,False,False,True,,False,False,True,False,False,False,0,0,0,0,0,False,False,307.0,66.0,
1605102,6,10.17,9,0,0,61,2,9,75327,24484,England v India T20s 2026 - Men,1,3,India Men,1,England Men,8546083,2026-07-01T16:59:36Z,4,35,False,,,,474,Will Jacks,2665,Abhishek Sharma,10922,Shreyas Iyer,Left,,4,0,4,4,,LengthBall,OutsideOff,,WellTimed,FrontFoot,Slog,OffBreak,Round,OffSpin,Right,Null,NotReferred,Null,False,False,False,False,True,True,,False,False,True,False,False,False,4,0,0,0,0,True,False,232.0,178.0,
1605102,6,10.17,9,0,0,61,2,9,75327,24484,England v India T20s 2026 - Men,1,3,India Men,1,England Men,8546084,2026-07-01T17:00:04Z,5,36,False,,,,474,Will Jacks,2665,Abhishek Sharma,10922,Shreyas Iyer,Left,Long Off,1,0,1,1,,LengthBall,MiddleStump,,None,FrontFoot,Drive,OffBreak,Round,OffSpin,Right,Null,NotReferred,Null,False,False,False,False,False,True,,False,False,True,False,False,False,1,0,0,0,0,False,False,288.0,151.0,
1605102,6,10.17,9,0,0,61,2,9,75327,24484,England v India T20s 2026 - Men,1,3,India Men,1,England Men,8546085,2026-07-01T17:00:29Z,6,37,False,,,,474,Will Jacks,10922,Shreyas Iyer,2665,Abhishek Sharma,Right,Deep Mid Wicket,1,0,1,1,,BackOfALength,LegStump,,WellTimed,BackFoot,Worked,OffBreak,Round,OffSpin,Right,Null,NotReferred,Null,False,False,False,False,False,True,,False,False,True,False,False,False,1,0,0,0,0,False,False,315.0,124.0,
1605103,7,10.29,11,0,0,72,2,11,75327,24484,England v India T20s 2026 - Men,1,3,India Men,1,England Men,8546086,2026-07-01T17:01:41Z,1,38,False,,,,200,Adil Rashid,10922,Shreyas Iyer,2665,Abhishek Sharma,Right,Deep Square Leg,1,0,1,1,,BackOfALength,LegStump,,WellTimed,BackFoot,Worked,LegSpinner,Over,LegSpin,Right,Null,NotReferred,Null,False,False,False,False,False,True,,False,False,False,False,False,False,1,0,0,0,0,False,False,342.0,124.0,
1605103,7,10.29,11,0,0,72,2,11,75327,24484,England v India T20s 2026 - Men,1,3,India Men,1,England Men,8546087,2026-07-01T17:02:14Z,2,39,False,,,,200,Adil Rashid,2665,Abhishek Sharma,10922,Shreyas Iyer,Left,Long On,1,0,1,1,,BackOfALength,OutsideOff,,WellTimed,BackFoot,Worked,LegSpinner,Over,LegSpin,Right,Null,NotReferred,Null,False,False,False,False,False,True,,False,False,False,False,False,False,1,0,0,0,0,False,False,242.0,130.0,
1605103,7,10.29,11,0,0,72,2,11,75327,24484,England v India T20s 2026 - Men,1,3,India Men,1,England Men,8546088,2026-07-01T17:02:56Z,3,40,False,,,,200,Adil Rashid,10922,Shreyas Iyer,2665,Abhishek Sharma,Right,Deep Mid Wicket,2,0,2,2,,HalfVolley,OffStump,,WellTimed,FrontFoot,Flick,LegSpinner,Over,LegSpin,Right,Null,NotReferred,Null,False,False,False,False,False,True,,False,False,False,False,False,False,2,0,0,0,0,False,False,305.0,144.0,
1605103,7,10.29,11,0,0,72,2,11,75327,24484,England v India T20s 2026 - Men,1,3,India Men,1,England Men,8546089,2026-07-01T17:03:27Z,4,41,False,,,,200,Adil Rashid,10922,Shreyas Iyer,2665,Abhishek Sharma,Right,,4,0,4,4,,BackOfALength,OutsideOff,,Middled,BackFoot,Pull,LegSpinner,Over,LegSpin,Right,Null,NotReferred,Null,False,False,False,False,False,True,,False,False,False,False,False,False,4,0,0,0,0,True,False,312.0,177.0,
1605103,7,10.29,11,0,0,72,2,11,75327,24484,England v India T20s 2026 - Men,1,3,India Men,1,England Men,8546090,2026-07-01T17:04:03Z,5,42,False,,,,200,Adil Rashid,10922,Shreyas Iyer,2665,Abhishek Sharma,Right,Fine Leg,1,0,1,1,,BackOfALength,MiddleStump,,None,BackFoot,Pull,LegSpinner,Over,LegSpin,Right,Null,NotReferred,Null,False,False,False,False,False,True,,False,False,False,False,False,False,1,0,0,0,0,False,False,30.0,128.0,
1605103,7,10.29,11,0,0,72,2,11,75327,24484,England v India T20s 2026 - Men,1,3,India Men,1,England Men,8546091,2026-07-01T17:04:28Z,6,43,False,,,,200,Adil Rashid,2665,Abhishek Sharma,10922,Shreyas Iyer,Left,Deep Extra Cover,2,0,2,2,,LengthBall,OffStump,,None,FrontFoot,Drive,Googly,Over,LegSpin,Right,Null,NotReferred,Null,False,False,False,False,True,True,,False,False,False,False,False,False,2,0,0,0,0,False,False,311.0,162.0,
1605104,8,10.88,15,0,0,87,2,15,75327,24484,England v India T20s 2026 - Men,1,3,India Men,1,England Men,8546092,2026-07-01T17:05:32Z,1,44,False,,,,474,Will Jacks,10922,Shreyas Iyer,2665,Abhishek Sharma,Right,Deep Square Leg,2,0,2,2,,BackOfALength,MiddleStump,,WellTimed,BackFoot,Worked,OffBreak,Round,OffSpin,Right,Null,NotReferred,Null,False,False,False,False,False,True,,False,False,False,False,False,False,2,0,0,0,0,False,False,357.0,133.0,
1605104,8,10.88,15,0,0,87,2,15,75327,24484,England v India T20s 2026 - Men,1,3,India Men,1,England Men,8546093,2026-07-01T17:05:59Z,2,45,False,,,,474,Will Jacks,10922,Shreyas Iyer,2665,Abhishek Sharma,Right,Deep Backward Point,1,0,1,1,,LengthBall,OutsideOff,,None,FrontFoot,Drive,OffBreak,Round,OffSpin,Right,Null,NotReferred,Null,False,False,False,False,False,True,,False,False,False,False,False,False,1,0,0,0,0,False,False,176.0,135.0,
1605104,8,10.88,15,0,0,87,2,15,75327,24484,England v India T20s 2026 - Men,1,3,India Men,1,England Men,8546094,2026-07-01T17:06:30Z,3,46,False,,,,474,Will Jacks,2665,Abhishek Sharma,10922,Shreyas Iyer,Left,Deep Extra Cover,1,0,1,1,,BackOfALength,OutsideOff,,None,FrontFoot,Drive,OffBreak,Round,OffSpin,Right,Null,NotReferred,Null,False,False,False,False,False,True,,False,False,False,False,False,False,1,0,0,0,0,False,False,328.0,136.0,
1605104,8,10.88,15,0,0,87,2,15,75327,24484,England v India T20s 2026 - Men,1,3,India Men,1,England Men,8546095,2026-07-01T17:06:55Z,4,47,False,,,,474,Will Jacks,10922,Shreyas Iyer,2665,Abhishek Sharma,Right,,4,0,4,4,,BackOfALength,OffStump,,WellTimed,BackFoot,Cut,OffBreak,Round,OffSpin,Right,Null,NotReferred,Null,False,False,False,False,False,True,,False,False,False,False,False,False,4,0,0,0,0,True,False,131.0,162.0,
1605104,8,10.88,15,0,0,87,2,15,75327,24484,England v India T20s 2026 - Men,1,3,India Men,1,England Men,8546096,2026-07-01T17:07:27Z,5,48,False,,,,474,Will Jacks,10922,Shreyas Iyer,2665,Abhishek Sharma,Right,Long On,1,0,1,1,,HalfVolley,OffStump,,WellTimed,FrontFoot,Flick,OffBreak,Round,OffSpin,Right,Null,NotReferred,Null,False,False,False,False,False,True,,False,False,False,False,False,False,1,0,0,0,0,False,False,290.0,154.0,
1605104,8,10.88,15,0,0,87,2,15,75327,24484,England v India T20s 2026 - Men,1,3,India Men,1,England Men,8546097,2026-07-01T17:07:49Z,6,49,False,,,,474,Will Jacks,2665,Abhishek Sharma,10922,Shreyas Iyer,Left,,6,0,6,6,,BackOfALength,OutsideOff,,WellTimed,FrontFoot,Slog,OffBreak,Round,OffSpin,Right,Null,NotReferred,Null,False,False,False,False,True,True,,False,False,False,False,False,False,6,0,0,0,0,True,False,280.0,180.0,
1605105,9,10.22,5,1,0,92,3,5,75327,24484,England v India T20s 2026 - Men,1,3,India Men,1,England Men,8546098,2026-07-01T17:08:52Z,1,50,False,,,,223,Sam Curran,10922,Shreyas Iyer,2665,Abhishek Sharma,Right,Deep Backward Square Leg,1,0,1,1,,BackOfALength,DownLeg,,None,BackFoot,Flick,NoMovement,Over,Medium,Left,Null,NotReferred,Null,False,False,False,False,False,True,,False,False,False,False,False,False,1,0,0,0,0,False,False,29.0,143.0,
1605105,9,10.22,5,1,0,92,3,5,75327,24484,England v India T20s 2026 - Men,1,3,India Men,1,England Men,8546099,2026-07-01T17:09:32Z,2,51,True,Lbw,2665.0,Abhishek Sharma,223,Sam Curran,2665,Abhishek Sharma,10922,Shreyas Iyer,Left,,0,0,0,0,LBW,LengthBall,OffStump,Lbw,HitPad,BackFoot,Flick,SlowerBall,Over,Medium,Left,Null,OutReviewRetained,Null,False,False,False,False,False,True,1872.0,False,False,False,False,False,True,0,0,0,0,0,False,False,,,
1605105,9,10.22,5,1,0,92,3,5,75327,24484,England v India T20s 2026 - Men,1,3,India Men,1,England Men,8546100,2026-07-01T17:12:34Z,3,3,False,,,,223,Sam Curran,3190,Tilak Varma,10922,Shreyas Iyer,Left,Fine Leg,1,0,1,1,,Short,OutsideOff,,TopEdge,BackFoot,Pull,NoMovement,Over,Medium,Left,Null,NotReferred,Null,False,False,False,False,False,True,,False,False,False,False,False,False,1,0,0,0,0,False,True,119.0,124.0,
1605105,9,10.22,5,1,0,92,3,5,75327,24484,England v India T20s 2026 - Men,1,3,India Men,1,England Men,8546101,2026-07-01T17:13:14Z,4,53,False,,,,223,Sam Curran,10922,Shreyas Iyer,3190,Tilak Varma,Right,Long Off,1,0,1,1,,LengthBall,LegStump,,WellTimed,BackFoot,Pushed,SlowerBall,Over,Medium,Left,Null,NotReferred,Null,False,False,False,False,False,True,,False,False,False,False,False,False,1,0,0,0,0,False,False,255.0,147.0,
1605105,9,10.22,5,1,0,92,3,5,75327,24484,England v India T20s 2026 - Men,1,3,India Men,1,England Men,8546102,2026-07-01T17:13:46Z,5,54,False,,,,223,Sam Curran,3190,Tilak Varma,10922,Shreyas Iyer,Left,Fine Leg,1,0,1,1,,BackOfALength,OutsideOff,,Spliced,BackFoot,Glance,SeamIn,Over,Medium,Left,Null,NotReferred,Null,False,False,False,False,False,True,,False,False,False,False,False,False,1,0,0,0,0,False,False,118.0,122.0,
1605105,9,10.22,5,1,0,92,3,5,75327,24484,England v India T20s 2026 - Men,1,3,India Men,1,England Men,8546103,2026-07-01T17:14:23Z,6,55,False,,,,223,Sam Curran,10922,Shreyas Iyer,3190,Tilak Varma,Right,Deep Square Leg,1,0,1,1,,BackOfALength,LegStump,,None,FrontFoot,Flick,NoMovement,Over,Medium,Left,Null,NotReferred,Null,False,False,False,False,False,True,,False,False,False,False,False,False,1,0,0,0,0,False,False,358.0,135.0,
1605106,10,9.9,7,0,0,99,3,7,75327,24484,England v India T20s 2026 - Men,1,3,India Men,1,England Men,8546104,2026-07-01T17:15:40Z,1,56,False,,,,139,Liam Dawson,10922,Shreyas Iyer,3190,Tilak Varma,Right,Deep Mid Wicket,2,0,2,2,,LengthBall,MiddleStump,,WellTimed,FrontFoot,Flick,StockBall,Round,Orthodox,Left,Null,NotReferred,Null,False,False,False,False,False,True,,False,False,False,False,False,False,2,0,0,0,0,False,False,312.0,126.0,
1605106,10,9.9,7,0,0,99,3,7,75327,24484,England v India T20s 2026 - Men,1,3,India Men,1,England Men,8546105,2026-07-01T17:16:17Z,2,57,False,,,,139,Liam Dawson,10922,Shreyas Iyer,3190,Tilak Varma,Right,Deep Square Leg,1,0,1,1,,Short,OutsideOff,,None,BackFoot,Pull,ArmBall,Round,Orthodox,Left,Null,NotReferred,Null,False,False,False,False,False,True,,False,False,False,False,False,False,1,0,0,0,0,False,False,330.0,144.0,
1605106,10,9.9,7,0,0,99,3,7,75327,24484,England v India T20s 2026 - Men,1,3,India Men,1,England Men,8546106,2026-07-01T17:17:59Z,3,58,False,,,,139,Liam Dawson,3190,Tilak Varma,10922,Shreyas Iyer,Left,Deep Mid Wicket,1,0,1,1,,BackOfALength,MiddleStump,,WellTimed,BackFoot,Pull,StockBall,Round,Orthodox,Left,Null,NotReferred,Null,False,False,False,False,False,True,,False,False,False,False,False,False,1,0,0,0,0,False,False,221.0,154.0,
1605106,10,9.9,7,0,0,99,3,7,75327,24484,England v India T20s 2026 - Men,1,3,India Men,1,England Men,8546107,2026-07-01T17:18:28Z,4,59,False,,,,139,Liam Dawson,10922,Shreyas Iyer,3190,Tilak Varma,Right,Deep Mid Wicket,1,0,1,1,,BackOfALength,OffStump,,None,BackFoot,Worked,StockBall,Round,Orthodox,Left,Null,NotReferred,Null,False,False,False,False,False,True,,False,False,False,False,False,False,1,0,0,0,0,False,False,326.0,136.0,
1605106,10,9.9,7,0,0,99,3,7,75327,24484,England v India T20s 2026 - Men,1,3,India Men,1,England Men,8546108,2026-07-01T17:18:51Z,5,60,False,,,,139,Liam Dawson,3190,Tilak Varma,10922,Shreyas Iyer,Left,Deep Mid Wicket,1,0,1,1,,BackOfALength,OutsideOff,,None,FrontFoot,Slog,StockBall,Round,Orthodox,Left,Null,NotReferred,Null,False,False,False,False,False,True,,False,False,False,False,False,False,1,0,0,0,0,False,False,239.0,145.0,
1605106,10,9.9,7,0,0,99,3,7,75327,24484,England v India T20s 2026 - Men,1,3,India Men,1,England Men,8546109,2026-07-01T17:19:20Z,6,61,False,,,,139,Liam Dawson,10922,Shreyas Iyer,3190,Tilak Varma,Right,Long Off,1,0,1,1,,HalfVolley,OutsideOff,,WellTimed,FrontFoot,Drive,StockBall,Round,Orthodox,Left,Null,NotReferred,Null,False,False,False,False,False,True,,False,False,False,False,False,False,1,0,0,0,0,False,False,257.0,163.0,
1605107,11,9.55,6,0,0,105,3,6,75327,24484,England v India T20s 2026 - Men,1,3,India Men,1,England Men,8546110,2026-07-01T17:22:35Z,1,62,False,,,,200,Adil Rashid,10922,Shreyas Iyer,3190,Tilak Varma,Right,Bowler,0,0,0,0,,LengthBall,OffStump,,None,FrontFoot,Drive,LegSpinner,Over,LegSpin,Right,Null,NotReferred,Null,False,False,False,False,False,True,,False,False,False,False,False,False,0,0,0,0,0,False,False,238.0,42.0,
1605107,11,9.55,6,0,0,105,3,6,75327,24484,England v India T20s 2026 - Men,1,3,India Men,1,England Men,8546111,2026-07-01T17:22:59Z,2,63,False,,,,200,Adil Rashid,10922,Shreyas Iyer,3190,Tilak Varma,Right,Backward Point,0,0,0,0,,BackOfALength,OutsideOff,,None,BackFoot,Cut,LegSpinner,Over,LegSpin,Right,Null,NotReferred,Null,False,False,False,False,False,True,,False,False,False,False,False,False,0,0,0,0,0,False,False,161.0,70.0,
1605107,11,9.55,6,0,0,105,3,6,75327,24484,England v India T20s 2026 - Men,1,3,India Men,1,England Men,8546112,2026-07-01T17:23:30Z,3,64,False,,,,200,Adil Rashid,10922,Shreyas Iyer,3190,Tilak Varma,Right,Long Off,1,0,1,1,,LengthBall,OutsideOff,,WellTimed,FrontFoot,Drive,LegSpinner,Over,LegSpin,Right,Null,NotReferred,Null,False,False,False,False,False,True,,False,False,False,False,False,False,1,0,0,0,0,False,False,254.0,137.0,
1605107,11,9.55,6,0,0,105,3,6,75327,24484,England v India T20s 2026 - Men,1,3,India Men,1,England Men,8546113,2026-07-01T17:24:11Z,4,65,False,,,,200,Adil Rashid,3190,Tilak Varma,10922,Shreyas Iyer,Left,Extra Cover,0,0,0,0,,BackOfALength,OutsideOff,,None,BackFoot,Drive,LegSpinner,Over,LegSpin,Right,Null,NotReferred,Null,False,False,False,False,False,True,,False,False,False,False,False,False,0,0,0,0,0,False,False,313.0,74.0,
1605107,11,9.55,6,0,0,105,3,6,75327,24484,England v India T20s 2026 - Men,1,3,India Men,1,England Men,8546114,2026-07-01T17:24:36Z,5,66,False,,,,200,Adil Rashid,3190,Tilak Varma,10922,Shreyas Iyer,Left,Deep Mid Wicket,4,0,4,4,,LengthBall,OutsideOff,,WellTimed,FrontFoot,SlogSweep,LegSpinner,Over,LegSpin,Right,Null,NotReferred,Null,False,False,False,False,True,True,,False,False,False,False,False,False,4,0,0,0,0,True,False,228.0,177.0,
1605107,11,9.55,6,0,0,105,3,6,75327,24484,England v India T20s 2026 - Men,1,3,India Men,1,England Men,8546115,2026-07-01T17:25:45Z,6,67,False,,,,200,Adil Rashid,3190,Tilak Varma,10922,Shreyas Iyer,Left,Deep Square Leg,1,0,1,1,,LengthBall,OutsideOff,,WellTimed,FrontFoot,Sweep,LegSpinner,Over,LegSpin,Right,Null,NotReferred,Null,False,False,False,False,False,True,,False,False,False,False,False,False,1,0,0,0,0,False,False,204.0,135.0,
1605108,12,9.25,6,0,0,111,3,6,75327,24484,England v India T20s 2026 - Men,1,3,India Men,1,England Men,8546116,2026-07-01T17:26:54Z,1,68,False,,,,474,Will Jacks,3190,Tilak Varma,10922,Shreyas Iyer,Left,Deep Mid Wicket,1,0,1,1,,HalfVolley,LegStump,,None,DownTheTrack,Flick,OffBreak,Round,OffSpin,Right,Null,NotReferred,Null,False,False,False,False,False,True,,False,False,False,False,False,False,1,0,0,0,0,False,False,228.0,137.0,
1605108,12,9.25,6,0,0,111,3,6,75327,24484,England v India T20s 2026 - Men,1,3,India Men,1,England Men,8546117,2026-07-01T17:27:25Z,2,69,False,,,,474,Will Jacks,10922,Shreyas Iyer,3190,Tilak Varma,Right,Deep Mid Wicket,2,0,2,2,,BackOfALength,OffStump,RunOut,None,DownTheTrack,Flick,OffBreak,Round,OffSpin,Right,Null,OutReviewRetained,Null,False,False,False,False,False,True,1825.0,False,False,False,False,False,True,2,0,0,0,0,False,False,310.0,132.0,
1605108,12,9.25,6,0,0,111,3,6,75327,24484,England v India T20s 2026 - Men,1,3,India Men,1,England Men,8546118,2026-07-01T17:28:27Z,3,3,False,,,,474,Will Jacks,10922,Shreyas Iyer,3190,Tilak Varma,Right,Deep Cover,1,0,1,1,,LengthBall,OutsideOff,,WellTimed,BackFoot,Cut,OffBreak,Round,OffSpin,Right,Null,NotReferred,Null,False,False,False,False,False,True,,False,False,False,False,False,False,1,0,0,0,0,False,False,190.0,150.0,
1605108,12,9.25,6,0,0,111,3,6,75327,24484,England v India T20s 2026 - Men,1,3,India Men,1,England Men,8546119,2026-07-01T17:28:50Z,4,71,False,,,,474,Will Jacks,3190,Tilak Varma,10922,Shreyas Iyer,Left,Deep Cover,1,0,1,1,,BackOfALength,OutsideOff,,WellTimed,BackFoot,Pushed,OffBreak,Round,OffSpin,Right,Null,NotReferred,Null,False,False,False,False,False,True,,False,False,False,False,False,False,1,0,0,0,0,False,False,342.0,136.0,
1605108,12,9.25,6,0,0,111,3,6,75327,24484,England v India T20s 2026 - Men,1,3,India Men,1,England Men,8546120,2026-07-01T17:29:21Z,5,72,False,,,,474,Will Jacks,10922,Shreyas Iyer,3190,Tilak Varma,Right,Deep Mid Wicket,1,0,1,1,,LengthBall,OutsideOff,,None,BackFoot,Worked,OffBreak,Over,OffSpin,Right,Null,NotReferred,Null,False,False,False,False,False,True,,False,False,False,False,False,False,1,0,0,0,0,False,False,347.0,118.0,
1605108,12,9.25,6,0,0,111,3,6,75327,24484,England v India T20s 2026 - Men,1,3,India Men,1,England Men,8546121,2026-07-01T17:29:54Z,6,73,False,,,,474,Will Jacks,3190,Tilak Varma,10922,Shreyas Iyer,Left,Wicketkeeper,0,0,0,0,,LengthBall,MiddleStump,Lbw,Gloved,DeepInCrease,SwitchHit,OffBreak,Round,OffSpin,Right,Null,NotOutReviewLost,Null,False,False,False,False,False,True,1942.0,False,False,False,False,False,True,0,0,0,0,0,False,False,158.0,32.0,
1605109,13,9.31,10,0,0,121,3,10,75327,24484,England v India T20s 2026 - Men,1,3,India Men,1,England Men,8546122,2026-07-01T17:31:40Z,1,74,False,,,,223,Sam Curran,10922,Shreyas Iyer,3190,Tilak Varma,Right,Extra Cover,0,0,0,0,,LengthBall,MiddleStump,,None,BackFoot,Pushed,SlowerBall,Over,Medium,Left,Null,NotReferred,Null,False,False,False,False,False,True,,False,False,False,False,False,False,0,0,0,0,0,False,False,224.0,60.0,
1605109,13,9.31,10,0,0,121,3,10,75327,24484,England v India T20s 2026 - Men,1,3,India Men,1,England Men,8546123,2026-07-01T17:32:11Z,2,75,False,,,,223,Sam Curran,10922,Shreyas Iyer,3190,Tilak Varma,Right,Deep Square Leg,2,0,2,2,,HalfVolley,MiddleStump,,MisTimed,FrontFoot,Slog,SlowerBall,Over,Medium,Left,Null,NotReferred,Null,False,False,False,False,False,True,,False,False,False,False,False,False,2,0,0,0,0,False,False,344.0,144.0,
1605109,13,9.31,10,0,0,121,3,10,75327,24484,England v India T20s 2026 - Men,1,3,India Men,1,England Men,8546124,2026-07-01T17:32:46Z,3,76,False,,,,223,Sam Curran,10922,Shreyas Iyer,3190,Tilak Varma,Right,Wicketkeeper,1,1,1,0,,HalfTracker,DownLeg,,Left,NoMovement,Leave,SlowerBall,Over,Medium,Left,Null,NotReferred,Null,True,False,False,False,False,True,,False,False,False,False,False,False,1,0,1,0,0,False,False,,,
1605109,13,9.31,10,0,0,121,3,10,75327,24484,England v India T20s 2026 - Men,1,3,India Men,1,England Men,8546125,2026-07-01T17:33:20Z,3,77,False,,,,223,Sam Curran,10922,Shreyas Iyer,3190,Tilak Varma,Right,Deep Backward Square Leg,1,0,1,1,,BackOfALength,DownLeg,,None,FrontFoot,Flick,NoMovement,Over,Medium,Left,Null,NotReferred,Null,False,False,False,False,False,True,,False,False,False,False,False,False,1,0,0,0,0,False,False,19.0,143.0,
1605109,13,9.31,10,0,0,121,3,10,75327,24484,England v India T20s 2026 - Men,1,3,India Men,1,England Men,8546126,2026-07-01T17:33:57Z,4,78,False,,,,223,Sam Curran,3190,Tilak Varma,10922,Shreyas Iyer,Left,Long On,1,0,1,1,,Yorker,OffStump,,None,FrontFoot,Flick,OffCutter,Over,Medium,Left,Null,NotReferred,Null,False,False,False,False,False,True,,False,False,False,False,False,False,1,0,0,0,0,False,False,250.0,111.0,
1605109,13,9.31,10,0,0,121,3,10,75327,24484,England v India T20s 2026 - Men,1,3,India Men,1,England Men,8546127,2026-07-01T17:34:29Z,5,79,False,,,,223,Sam Curran,10922,Shreyas Iyer,3190,Tilak Varma,Right,,4,0,4,4,,HalfVolley,DownLeg,,WellTimed,FrontFoot,Flick,OffCutter,Over,Medium,Left,Null,NotReferred,Null,False,False,False,False,False,True,,False,False,False,False,False,False,4,0,0,0,0,True,False,74.0,160.0,
1605109,13,9.31,10,0,0,121,3,10,75327,24484,England v India T20s 2026 - Men,1,3,India Men,1,England Men,8546128,2026-07-01T17:35:08Z,6,80,False,,,,223,Sam Curran,10922,Shreyas Iyer,3190,Tilak Varma,Right,Deep Backward Square Leg,1,0,1,1,,LengthBall,DownLeg,,WellTimed,FrontFoot,Flick,NoMovement,Over,Medium,Left,Null,NotReferred,Null,False,False,False,False,False,True,,False,False,False,False,False,False,1,0,0,0,0,False,False,17.0,150.0,
1605110,14,8.93,4,1,0,125,4,4,75327,24484,England v India T20s 2026 - Men,1,3,India Men,1,England Men,8546129,2026-07-01T17:36:04Z,1,81,False,,,,646,Saqib Mahmood,10922,Shreyas Iyer,3190,Tilak Varma,Right,Deep Backward Square Leg,1,0,1,1,,BackOfALength,OutsideOff,,WellTimed,BackFoot,Pull,NoMovement,Over,FastSeam,Right,Null,NotReferred,Null,False,False,False,False,False,True,,False,False,False,False,False,False,1,0,0,0,0,False,False,14.0,140.0,
1605110,14,8.93,4,1,0,125,4,4,75327,24484,England v India T20s 2026 - Men,1,3,India Men,1,England Men,8546130,2026-07-01T17:37:15Z,2,82,False,,,,646,Saqib Mahmood,3190,Tilak Varma,10922,Shreyas Iyer,Left,Long Off,1,0,1,1,,Yorker,OffStump,,None,FrontFoot,Drive,NoMovement,Over,FastSeam,Right,Null,NotReferred,Null,False,False,False,False,False,True,,False,False,False,False,False,False,1,0,0,0,0,False,False,288.0,144.0,
1605110,14,8.93,4,1,0,125,4,4,75327,24484,England v India T20s 2026 - Men,1,3,India Men,1,England Men,8546131,2026-07-01T17:37:54Z,3,83,False,,,,646,Saqib Mahmood,10922,Shreyas Iyer,3190,Tilak Varma,Right,Deep Backward Square Leg,1,0,1,1,,Short,OutsideOff,,WellTimed,BackFoot,Pull,OffCutter,Over,FastSeam,Right,Null,NotReferred,Null,False,False,False,False,False,True,,False,False,False,False,False,False,1,0,0,0,0,False,False,11.0,137.0,
1605110,14,8.93,4,1,0,125,4,4,75327,24484,England v India T20s 2026 - Men,1,3,India Men,1,England Men,8546132,2026-07-01T17:38:32Z,4,84,True,Caught,3190.0,Tilak Varma,646,Saqib Mahmood,3190,Tilak Varma,10922,Shreyas Iyer,Left,Short Fine Leg,0,0,0,0,Caught,FullToss,OutsideOff,Caught,MisTimed,MovesInfront,Scoop,NoMovement,Over,FastSeam,Right,Null,NotReferred,Null,False,False,False,False,False,True,1942.0,False,False,False,False,False,False,0,0,0,0,0,False,True,126.0,72.0,
1605110,14,8.93,4,1,0,125,4,4,75327,24484,England v India T20s 2026 - Men,1,3,India Men,1,England Men,8546133,2026-07-01T17:40:44Z,5,85,False,,,,646,Saqib Mahmood,2465,Shivam Dube,10922,Shreyas Iyer,Left,Extra Cover,1,0,1,1,,LengthBall,DownLeg,,None,BackFoot,Pushed,NoMovement,Over,FastSeam,Right,Null,NotReferred,Null,False,False,False,False,False,True,,False,False,False,False,False,False,1,0,0,0,0,False,False,304.0,86.0,
1605110,14,8.93,4,1,0,125,4,4,75327,24484,England v India T20s 2026 - Men,1,3,India Men,1,England Men,8546134,2026-07-01T17:41:37Z,6,86,False,,,,646,Saqib Mahmood,10922,Shreyas Iyer,2465,Shivam Dube,Right,Extra Cover,0,0,0,0,,LengthBall,OutsideOff,,None,FrontFoot,Drive,NoMovement,Over,FastSeam,Right,Null,NotReferred,Null,False,False,False,False,False,True,,False,False,False,False,False,False,0,0,0,0,0,False,False,227.0,67.0,
1605111,15,9.0,10,0,0,135,4,10,75327,24484,England v India T20s 2026 - Men,1,3,India Men,1,England Men,8546135,2026-07-01T17:43:12Z,1,87,False,,,,139,Liam Dawson,2465,Shivam Dube,10922,Shreyas Iyer,Left,Long On,1,0,1,1,,BackOfALength,OutsideOff,,WellTimed,BackFoot,Worked,StockBall,Over,Orthodox,Left,Null,NotReferred,Null,False,False,False,False,False,True,,False,False,False,False,False,False,1,0,0,0,0,False,False,258.0,136.0,
1605111,15,9.0,10,0,0,135,4,10,75327,24484,England v India T20s 2026 - Men,1,3,India Men,1,England Men,8546136,2026-07-01T17:43:41Z,2,88,False,,,,139,Liam Dawson,10922,Shreyas Iyer,2465,Shivam Dube,Right,Long Off,1,0,1,1,,BackOfALength,OutsideOff,,WellTimed,FrontFoot,Drive,StockBall,Round,Orthodox,Left,Null,NotReferred,Null,False,False,False,False,False,True,,False,False,False,False,False,False,1,0,0,0,0,False,False,251.0,139.0,
1605111,15,9.0,10,0,0,135,4,10,75327,24484,England v India T20s 2026 - Men,1,3,India Men,1,England Men,8546137,2026-07-01T17:44:18Z,3,89,False,,,,139,Liam Dawson,2465,Shivam Dube,10922,Shreyas Iyer,Left,Deep Mid Wicket,1,0,1,1,,BackOfALength,OutsideOff,,WellTimed,BackFoot,Pull,StockBall,Over,Orthodox,Left,Null,NotReferred,Null,False,False,False,False,True,True,,False,False,False,False,False,False,1,0,0,0,0,False,False,221.0,146.0,
1605111,15,9.0,10,0,0,135,4,10,75327,24484,England v India T20s 2026 - Men,1,3,India Men,1,England Men,8546138,2026-07-01T17:44:49Z,4,90,False,,,,139,Liam Dawson,10922,Shreyas Iyer,2465,Shivam Dube,Right,Deep Extra Cover,4,0,4,4,,BackOfALength,OutsideOff,,Middled,FrontFoot,Drive,StockBall,Round,Orthodox,Left,Null,NotReferred,Null,False,False,False,False,False,True,,False,False,False,False,False,False,4,0,0,0,0,True,False,159.0,166.0,
1605111,15,9.0,10,0,0,135,4,10,75327,24484,England v India T20s 2026 - Men,1,3,India Men,1,England Men,8546139,2026-07-01T17:45:30Z,5,91,False,,,,139,Liam Dawson,10922,Shreyas Iyer,2465,Shivam Dube,Right,Long On,1,0,1,1,,LengthBall,MiddleStump,,WellTimed,FrontFoot,Flick,StockBall,Round,Orthodox,Left,Null,NotReferred,Null,False,False,False,False,False,True,,False,False,False,False,False,False,1,0,0,0,0,False,False,285.0,137.0,
1605111,15,9.0,10,0,0,135,4,10,75327,24484,England v India T20s 2026 - Men,1,3,India Men,1,England Men,8546140,2026-07-01T17:46:07Z,6,92,False,,,,139,Liam Dawson,2465,Shivam Dube,10922,Shreyas Iyer,Left,Deep Cover,2,0,2,2,,LengthBall,Wide,,None,FrontFoot,Drive,StockBall,Over,Orthodox,Left,Null,NotReferred,Null,False,False,False,False,True,True,,False,False,False,False,False,False,2,0,0,0,0,False,False,354.0,146.0,
1605112,16,9.31,14,0,0,149,4,14,75327,24484,England v India T20s 2026 - Men,1,3,India Men,1,England Men,8546141,2026-07-01T17:47:05Z,1,93,False,,,,354,Luke Wood,10922,Shreyas Iyer,2465,Shivam Dube,Right,Extra Cover,1,0,1,1,,LengthBall,LegStump,,LeadingEdge,BackFoot,Worked,NoMovement,Over,FastSeam,Left,Null,NotReferred,Null,False,False,False,False,False,True,,False,False,False,False,False,False,1,0,0,0,0,False,False,218.0,62.0,
1605112,16,9.31,14,0,0,149,4,14,75327,24484,England v India T20s 2026 - Men,1,3,India Men,1,England Men,8546142,2026-07-01T17:47:42Z,2,94,False,,,,354,Luke Wood,2465,Shivam Dube,10922,Shreyas Iyer,Left,Deep Mid Wicket,1,0,1,1,,HalfTracker,OutsideOff,,WellTimed,BackFoot,Pull,NoMovement,Over,FastSeam,Left,Null,NotReferred,Null,False,False,False,False,False,True,,False,False,False,False,False,False,1,0,0,0,0,False,False,229.0,147.0,
1605112,16,9.31,14,0,0,149,4,14,75327,24484,England v India T20s 2026 - Men,1,3,India Men,1,England Men,8546143,2026-07-01T17:48:16Z,3,95,False,,,,354,Luke Wood,10922,Shreyas Iyer,2465,Shivam Dube,Right,Long On,1,0,1,1,,HalfVolley,MiddleStump,,None,FrontFoot,Flick,OffCutter,Over,FastSeam,Left,Null,NotReferred,Null,False,False,False,False,True,True,,False,False,False,False,False,False,1,0,0,0,0,False,False,292.0,144.0,
1605112,16,9.31,14,0,0,149,4,14,75327,24484,England v India T20s 2026 - Men,1,3,India Men,1,England Men,8546144,2026-07-01T17:48:51Z,4,96,False,,,,354,Luke Wood,2465,Shivam Dube,10922,Shreyas Iyer,Left,,4,0,4,4,,Short,OutsideOff,,None,BackFoot,Pull,OffCutter,Over,FastSeam,Left,Null,NotReferred,Null,False,False,False,False,False,True,,False,False,False,False,False,False,4,0,0,0,0,True,False,125.0,162.0,
1605112,16,9.31,14,0,0,149,4,14,75327,24484,England v India T20s 2026 - Men,1,3,India Men,1,England Men,8546145,2026-07-01T17:49:30Z,5,97,False,,,,354,Luke Wood,2465,Shivam Dube,10922,Shreyas Iyer,Left,Long On,1,0,1,1,,HalfVolley,OffStump,,WellTimed,FrontFoot,Flick,NoMovement,Over,FastSeam,Left,Null,NotReferred,Null,False,False,False,False,False,True,,False,False,False,False,False,False,1,0,0,0,0,False,False,244.0,126.0,
1605112,16,9.31,14,0,0,149,4,14,75327,24484,England v India T20s 2026 - Men,1,3,India Men,1,England Men,8546146,2026-07-01T17:50:07Z,6,98,False,,,,354,Luke Wood,10922,Shreyas Iyer,2465,Shivam Dube,Right,,6,0,6,6,,HalfVolley,OutsideOff,,Middled,FrontFoot,Drive,NoMovement,Over,FastSeam,Left,Null,NotReferred,Null,False,False,False,False,True,True,,False,False,False,False,False,False,6,0,0,0,0,True,False,226.0,177.0,
1605113,17,9.29,9,0,0,158,4,9,75327,24484,England v India T20s 2026 - Men,1,3,India Men,1,England Men,8546147,2026-07-01T17:51:35Z,1,99,False,,,,200,Adil Rashid,2465,Shivam Dube,10922,Shreyas Iyer,Left,Mid Wicket,0,0,0,0,,LengthBall,DownLeg,,None,DownTheTrack,Flick,LegSpinner,Over,LegSpin,Right,Null,NotReferred,Null,False,False,False,False,False,True,,False,False,False,False,False,False,0,0,0,0,0,False,False,235.0,69.0,
1605113,17,9.29,9,0,0,158,4,9,75327,24484,England v India T20s 2026 - Men,1,3,India Men,1,England Men,8546148,2026-07-01T17:51:56Z,2,100,False,,,,200,Adil Rashid,2465,Shivam Dube,10922,Shreyas Iyer,Left,,6,0,6,6,,LengthBall,MiddleStump,,Middled,DownTheTrack,Drive,Slider,Over,LegSpin,Right,Null,NotReferred,Null,False,False,False,False,True,True,,False,False,False,False,False,False,6,0,0,0,0,True,False,266.0,180.0,
1605113,17,9.29,9,0,0,158,4,9,75327,24484,England v India T20s 2026 - Men,1,3,India Men,1,England Men,8546149,2026-07-01T17:52:38Z,3,101,False,,,,200,Adil Rashid,2465,Shivam Dube,10922,Shreyas Iyer,Left,Wicketkeeper,0,0,0,0,,BackOfALength,OffStump,Stumped,Missed,DownTheTrack,Slog,Googly,Over,LegSpin,Right,Null,OutReviewRetained,Null,False,False,False,False,False,True,1825.0,False,False,False,False,False,True,0,0,0,0,0,False,False,,,
1605113,17,9.29,9,0,0,158,4,9,75327,24484,England v India T20s 2026 - Men,1,3,India Men,1,England Men,8546150,2026-07-01T17:53:48Z,4,102,False,,,,200,Adil Rashid,2465,Shivam Dube,10922,Shreyas Iyer,Left,Long Off,1,0,1,1,,BackOfALength,MiddleStump,,WellTimed,BackFoot,Pushed,Googly,Over,LegSpin,Right,Null,NotReferred,Null,False,False,False,False,False,True,,False,False,False,False,False,False,1,0,0,0,0,False,False,298.0,136.0,
1605113,17,9.29,9,0,0,158,4,9,75327,24484,England v India T20s 2026 - Men,1,3,India Men,1,England Men,8546151,2026-07-01T17:54:24Z,5,103,False,,,,200,Adil Rashid,10922,Shreyas Iyer,2465,Shivam Dube,Right,Backward Square Leg,0,1,1,0,,BackOfALength,OffStump,,HitPad,FrontFoot,Slog,Googly,Over,LegSpin,Right,Null,NotReferred,Null,False,False,False,True,False,True,,False,False,False,False,False,False,1,0,0,1,0,False,False,20.0,56.0,
1605113,17,9.29,9,0,0,158,4,9,75327,24484,England v India T20s 2026 - Men,1,3,India Men,1,England Men,8546152,2026-07-01T17:54:52Z,6,104,False,,,,200,Adil Rashid,2465,Shivam Dube,10922,Shreyas Iyer,Left,Deep Extra Cover,1,0,1,1,,BackOfALength,MiddleStump,,WellTimed,BackFoot,Pushed,LegSpinner,Over,LegSpin,Right,Null,NotReferred,Null,False,False,False,False,False,True,,False,False,False,False,False,False,1,0,0,0,0,False,False,314.0,135.0,
1605114,18,9.17,7,1,0,165,5,7,75327,24484,England v India T20s 2026 - Men,1,3,India Men,1,England Men,8546153,2026-07-01T17:55:59Z,1,105,False,,,,646,Saqib Mahmood,2465,Shivam Dube,10922,Shreyas Iyer,Left,Deep Square Leg,1,0,1,1,,BackOfALength,LegStump,,WellTimed,BackFoot,Slog,NoMovement,Over,FastSeam,Right,Null,NotReferred,Null,False,False,False,False,False,True,,False,False,False,False,False,False,1,0,0,0,0,False,False,209.0,136.0,
1605114,18,9.17,7,1,0,165,5,7,75327,24484,England v India T20s 2026 - Men,1,3,India Men,1,England Men,8546154,2026-07-01T17:56:34Z,2,106,False,,,,646,Saqib Mahmood,10922,Shreyas Iyer,2465,Shivam Dube,Right,,4,0,4,4,,Short,OutsideOff,,Middled,DeepInCrease,Pull,NoMovement,Over,FastSeam,Right,Null,NotReferred,Null,False,False,False,False,True,True,,False,False,False,False,False,False,4,0,0,0,0,True,False,306.0,178.0,
1605114,18,9.17,7,1,0,165,5,7,75327,24484,England v India T20s 2026 - Men,1,3,India Men,1,England Men,8546155,2026-07-01T17:57:16Z,3,107,False,,,,646,Saqib Mahmood,10922,Shreyas Iyer,2465,Shivam Dube,Right,Backward Square Leg,1,0,1,1,,BackOfALength,OutsideOff,,BatPad,BackFoot,Worked,NoMovement,Over,FastSeam,Right,Null,NotReferred,Null,False,False,False,False,False,True,,False,False,False,False,False,False,1,0,0,0,0,False,True,23.0,76.0,
1605114,18,9.17,7,1,0,165,5,7,75327,24484,England v India T20s 2026 - Men,1,3,India Men,1,England Men,8546156,2026-07-01T17:58:00Z,4,108,False,,,,646,Saqib Mahmood,2465,Shivam Dube,10922,Shreyas Iyer,Left,Deep Mid Wicket,1,0,1,1,,Short,DownLeg,,WellTimed,BackFoot,Pull,NoMovement,Over,FastSeam,Right,Null,NotReferred,Null,False,False,False,False,False,True,,False,False,False,False,False,False,1,0,0,0,0,False,False,220.0,129.0,
1605114,18,9.17,7,1,0,165,5,7,75327,24484,England v India T20s 2026 - Men,1,3,India Men,1,England Men,8546163,2026-07-01T17:58:40Z,5,109,True,Lbw,10922.0,Shreyas Iyer,646,Saqib Mahmood,10922,Shreyas Iyer,2465,Shivam Dube,Right,,0,0,0,0,LBW,HalfVolley,OffStump,Lbw,HitPad,FrontFoot,Flick,NoMovement,Over,FastSeam,Right,Null,OutReviewLost,Null,False,False,False,False,False,True,1942.0,False,False,False,False,False,True,0,0,0,0,0,False,False,,,
1605114,18,9.17,7,1,0,165,5,7,75327,24484,England v India T20s 2026 - Men,1,3,India Men,1,England Men,8546171,2026-07-01T18:01:00Z,6,110,False,,,,646,Saqib Mahmood,10208,Harshit Rana,2465,Shivam Dube,Right,Wicketkeeper,0,0,0,0,,LengthBall,OutsideOff,,Missed,FrontFoot,Cut,SeamIn,Over,FastSeam,Right,Null,NotReferred,Null,False,False,False,False,False,True,,False,False,False,False,False,False,0,0,0,0,0,False,False,,,
1605120,19,9.42,14,1,0,179,6,14,75327,24484,England v India T20s 2026 - Men,1,3,India Men,1,England Men,8546178,2026-07-01T18:02:05Z,1,111,False,,,,200,Adil Rashid,2465,Shivam Dube,10208,Harshit Rana,Left,Deep Backward Square Leg,2,0,2,2,,HalfVolley,DownLeg,,InsideEdge,FrontFoot,Slog,LegSpinner,Over,LegSpin,Right,Null,NotReferred,Null,False,False,False,False,False,True,,False,False,False,False,False,False,2,0,0,0,0,False,False,154.0,123.0,
1605120,19,9.42,14,1,0,179,6,14,75327,24484,England v India T20s 2026 - Men,1,3,India Men,1,England Men,8546184,2026-07-01T18:02:42Z,2,112,False,,,,200,Adil Rashid,2465,Shivam Dube,10208,Harshit Rana,Left,,6,0,6,6,,HalfVolley,DownLeg,,Middled,FrontFoot,Slog,LegSpinner,Over,LegSpin,Right,Null,NotReferred,Null,False,False,False,False,True,True,,False,False,False,False,False,False,6,0,0,0,0,True,False,206.0,174.0,
1605120,19,9.42,14,1,0,179,6,14,75327,24484,England v India T20s 2026 - Men,1,3,India Men,1,England Men,8546190,2026-07-01T18:03:25Z,3,113,False,,,,200,Adil Rashid,2465,Shivam Dube,10208,Harshit Rana,Left,Deep Mid Wicket,1,0,1,1,,BackOfALength,LegStump,,None,FrontFoot,Slog,LegSpinner,Over,LegSpin,Right,Null,NotReferred,Null,False,False,False,False,False,True,,False,False,False,False,False,False,1,0,0,0,0,False,False,218.0,144.0,
1605120,19,9.42,14,1,0,179,6,14,75327,24484,England v India T20s 2026 - Men,1,3,India Men,1,England Men,8546198,2026-07-01T18:03:59Z,4,114,True,Stumped,10208.0,Harshit Rana,200,Adil Rashid,10208,Harshit Rana,2465,Shivam Dube,Right,Wicketkeeper,0,0,0,0,Stumped,BackOfALength,OffStump,Stumped,Missed,DownTheTrack,Slog,Googly,Over,LegSpin,Right,Null,OutThirdUmpire,Null,False,False,False,False,False,True,1825.0,False,False,False,False,False,True,0,0,0,0,0,False,False,,,
1605120,19,9.42,14,1,0,179,6,14,75327,24484,England v India T20s 2026 - Men,1,3,India Men,1,England Men,8546206,2026-07-01T18:06:01Z,5,115,False,,,,200,Adil Rashid,10908,Axar Patel,2465,Shivam Dube,Left,Deep Cover,1,0,1,1,,BackOfALength,OutsideOff,,None,BackFoot,Cut,LegSpinner,Over,LegSpin,Right,Null,NotReferred,Null,False,False,False,False,False,True,,False,False,False,False,False,False,1,0,0,0,0,False,False,357.0,133.0,
1605120,19,9.42,14,1,0,179,6,14,75327,24484,England v India T20s 2026 - Men,1,3,India Men,1,England Men,8546211,2026-07-01T18:06:40Z,6,116,False,,,,200,Adil Rashid,2465,Shivam Dube,10908,Axar Patel,Left,,4,0,4,4,,HalfVolley,OutsideOff,,Middled,FrontFoot,Drive,LegSpinner,Over,LegSpin,Right,Null,NotReferred,Null,False,False,False,False,False,True,,False,False,False,False,False,False,4,0,0,0,0,True,False,299.0,179.0,
1605126,20,9.45,10,1,0,189,7,10,75327,24484,England v India T20s 2026 - Men,1,3,India Men,1,England Men,8546222,2026-07-01T18:08:07Z,1,117,False,,,,223,Sam Curran,10908,Axar Patel,2465,Shivam Dube,Left,Long Off,1,0,1,1,,HalfVolley,OutsideOff,,None,FrontFoot,Slog,NoMovement,Over,Medium,Left,Null,NotReferred,Null,False,False,False,False,False,True,,False,False,False,False,False,False,1,0,0,0,0,False,False,288.0,151.0,
1605126,20,9.45,10,1,0,189,7,10,75327,24484,England v India T20s 2026 - Men,1,3,India Men,1,England Men,8546229,2026-07-01T18:09:06Z,2,118,False,,,,223,Sam Curran,2465,Shivam Dube,10908,Axar Patel,Left,Wicketkeeper,1,0,1,1,,FullToss,OutsideOff,,TopEdge,FrontFoot,Slog,NoMovement,Over,Medium,Left,Null,NotReferred,Null,False,False,False,False,False,True,,False,False,False,False,False,False,1,0,0,0,0,False,True,164.0,64.0,
1605126,20,9.45,10,1,0,189,7,10,75327,24484,England v India T20s 2026 - Men,1,3,India Men,1,England Men,8546235,2026-07-01T18:09:54Z,3,119,False,,,,223,Sam Curran,10908,Axar Patel,2465,Shivam Dube,Left,Long On,1,0,1,1,,Short,OffStump,,MisTimed,BacksAway,Pull,NoMovement,Over,Medium,Left,Null,NotReferred,Null,False,False,False,False,False,True,,False,False,False,False,False,False,1,0,0,0,0,False,False,243.0,104.0,
1605126,20,9.45,10,1,0,189,7,10,75327,24484,England v India T20s 2026 - Men,1,3,India Men,1,England Men,8546240,2026-07-01T18:10:39Z,4,120,False,,,,223,Sam Curran,2465,Shivam Dube,10908,Axar Patel,Left,,6,0,6,6,,Short,OutsideOff,,Middled,BackFoot,Pull,NoMovement,Over,Medium,Left,Null,NotReferred,Null,False,False,False,False,True,True,,False,False,False,False,False,False,6,0,0,0,0,True,False,172.0,169.0,
1605126,20,9.45,10,1,0,189,7,10,75327,24484,England v India T20s 2026 - Men,1,3,India Men,1,England Men,8546250,2026-07-01T18:11:55Z,5,121,False,,,,223,Sam Curran,2465,Shivam Dube,10908,Axar Patel,Left,Long Off,1,0,1,1,,Yorker,OutsideOff,,None,FrontFoot,Drive,NoMovement,Over,Medium,Left,Null,NotReferred,Null,False,False,False,False,False,True,,False,False,False,False,False,False,1,0,0,0,0,False,False,295.0,148.0,
1605126,20,9.45,10,1,0,189,7,10,75327,24484,England v India T20s 2026 - Men,1,3,India Men,1,England Men,8546259,2026-07-01T18:12:38Z,6,122,True,RunOut,10908.0,Axar Patel,223,Sam Curran,10908,Axar Patel,2465,Shivam Dube,Left,Wicketkeeper,0,0,0,0,Run out,LengthBall,OutsideOff,RunOut,Left,NoMovement,Leave,LegCutter,Over,Medium,Left,Null,NotReferred,Null,False,False,False,False,False,True,1942.0,False,False,False,False,False,False,0,0,0,0,0,False,False,,,
