over_id,over_overNumber,over_runrate,over_runsConceded,over_wickets,over_runsExtras,over_totalInningRuns,over_totalInningWickets,over_totalRuns,id,matchName,fixtureId,fixtureName,inningNumber,battingTeamId,battingTeamName,bowlingTeamId,bowlingTeamName,ball_id,ballDateTime,ballNumber,totalBallNumber,isWicket,bowlerPlayerId,bowlerPlayerName,battingPlayerId,battingPlayerName,nonStrikeBattingPlayerId,nonStrikeBattingPlayerName,runsConceded,extras,runs,runsScored,battingFeetId,bowlingFromId,outcomeId,referralOutcomeId,noBallReasonId,isWide,isNoBall,isByes,isLegByes,isAirControlled,isAppeal,isFreeHit,isNewBall,isPowerPlay,isBattingPowerPlay,isFloodLit,isReferred,teamRuns,runsByes,runsWide,runsLegByes,noBallsCount,isBoundry,isAirNotControlled,dismissalTypeId,dismissalPlayerId,dismissalPlayerName,dismissalType,appealDismissalTypeId
1649226,2,9.5,11,0,0,19,0,11,76561,,40404,India v Australia U19 1-day 2026 - Men,1,229,India U19 Men,225,Australia U19 Men,8820940,2026-09-18T08:38:45Z,1,9,False,16997,Will Byrom,21243,Lakshya Raichandani,22132,Aaryavir Sehwag,0,0,0,0,0,Over,Null,NotReferred,Null,False,False,False,False,False,True,False,False,True,False,False,False,0,0,0,0,0,False,False,,,,,
1649226,2,9.5,11,0,0,19,0,11,76561,,40404,India v Australia U19 1-day 2026 - Men,1,229,India U19 Men,225,Australia U19 Men,8820941,2026-09-18T08:38:48Z,2,10,False,16997,Will Byrom,21243,Lakshya Raichandani,22132,Aaryavir Sehwag,1,0,1,1,0,Over,Null,NotReferred,Null,False,False,False,False,False,True,False,False,True,False,False,False,1,0,0,0,0,False,False,,,,,
1649226,2,9.5,11,0,0,19,0,11,76561,,40404,India v Australia U19 1-day 2026 - Men,1,229,India U19 Men,225,Australia U19 Men,8820942,2026-09-18T08:38:51Z,3,11,False,16997,Will Byrom,22132,Aaryavir Sehwag,21243,Lakshya Raichandani,0,0,0,0,0,Over,Null,NotReferred,Null,False,False,False,False,False,True,False,False,True,False,False,False,0,0,0,0,0,False,False,,,,,
1649226,2,9.5,11,0,0,19,0,11,76561,,40404,India v Australia U19 1-day 2026 - Men,1,229,India U19 Men,225,Australia U19 Men,8820943,2026-09-18T08:38:54Z,4,12,False,16997,Will Byrom,22132,Aaryavir Sehwag,21243,Lakshya Raichandani,4,0,4,4,0,Over,Null,NotReferred,Null,False,False,False,False,False,True,False,False,True,False,False,False,4,0,0,0,0,True,False,,,,,
1649226,2,9.5,11,0,0,19,0,11,76561,,40404,India v Australia U19 1-day 2026 - Men,1,229,India U19 Men,225,Australia U19 Men,8820947,2026-09-18T08:40:04Z,5,13,False,16997,Will Byrom,22132,Aaryavir Sehwag,21243,Lakshya Raichandani,1,0,1,1,0,Over,Null,NotReferred,Null,False,False,False,False,False,True,False,False,True,False,False,False,1,0,0,0,0,False,False,,,,,
1649226,2,9.5,11,0,0,19,0,11,76561,,40404,India v Australia U19 1-day 2026 - Men,1,229,India U19 Men,225,Australia U19 Men,8820948,2026-09-18T08:40:07Z,6,14,False,16997,Will Byrom,21243,Lakshya Raichandani,22132,Aaryavir Sehwag,1,1,1,0,0,Over,Null,NotReferred,Null,True,False,False,False,False,True,False,False,True,False,False,False,1,0,1,0,0,False,False,,,,,
1649226,2,9.5,11,0,0,19,0,11,76561,,40404,India v Australia U19 1-day 2026 - Men,1,229,India U19 Men,225,Australia U19 Men,8820953,2026-09-18T08:41:09Z,6,15,False,16997,Will Byrom,21243,Lakshya Raichandani,22132,Aaryavir Sehwag,4,0,4,4,0,Over,Null,NotReferred,Null,False,False,False,False,False,True,False,False,True,False,False,False,4,0,0,0,0,True,False,,,,,
1649228,3,8.33,6,0,0,25,0,6,76561,,40404,India v Australia U19 1-day 2026 - Men,1,229,India U19 Men,225,Australia U19 Men,8820954,2026-09-18T08:41:12Z,1,16,False,16998,Kasey Barton,22132,Aaryavir Sehwag,21243,Lakshya Raichandani,1,0,1,1,0,Over,Null,NotReferred,Null,False,False,False,False,False,True,False,False,True,False,False,False,1,0,0,0,0,False,False,,,,,
1649228,3,8.33,6,0,0,25,0,6,76561,,40404,India v Australia U19 1-day 2026 - Men,1,229,India U19 Men,225,Australia U19 Men,8820959,2026-09-18T08:42:55Z,2,17,False,16998,Kasey Barton,21243,Lakshya Raichandani,22132,Aaryavir Sehwag,0,0,0,0,0,Over,Null,NotReferred,Null,False,False,False,False,False,True,False,False,True,False,False,False,0,0,0,0,0,False,False,,,,,
1649228,3,8.33,6,0,0,25,0,6,76561,,40404,India v Australia U19 1-day 2026 - Men,1,229,India U19 Men,225,Australia U19 Men,8820961,2026-09-18T08:42:58Z,3,18,False,16998,Kasey Barton,21243,Lakshya Raichandani,22132,Aaryavir Sehwag,1,0,1,1,0,Over,Null,NotReferred,Null,False,False,False,False,False,True,False,False,True,False,False,False,1,0,0,0,0,False,False,,,,,
1649228,3,8.33,6,0,0,25,0,6,76561,,40404,India v Australia U19 1-day 2026 - Men,1,229,India U19 Men,225,Australia U19 Men,8820964,2026-09-18T08:43:31Z,4,19,False,16998,Kasey Barton,22132,Aaryavir Sehwag,21243,Lakshya Raichandani,0,0,0,0,0,Over,Null,NotReferred,Null,False,False,False,False,False,True,False,False,True,False,False,False,0,0,0,0,0,False,False,,,,,
1649228,3,8.33,6,0,0,25,0,6,76561,,40404,India v Australia U19 1-day 2026 - Men,1,229,India U19 Men,225,Australia U19 Men,8820968,2026-09-18T08:45:08Z,5,20,False,16998,Kasey Barton,22132,Aaryavir Sehwag,21243,Lakshya Raichandani,0,0,0,0,0,Over,Null,NotReferred,Null,False,False,False,False,False,True,False,False,True,False,False,False,0,0,0,0,0,False,False,,,,,
1649228,3,8.33,6,0,0,25,0,6,76561,,40404,India v Australia U19 1-day 2026 - Men,1,229,India U19 Men,225,Australia U19 Men,8820969,2026-09-18T08:45:11Z,6,21,False,16998,Kasey Barton,22132,Aaryavir Sehwag,21243,Lakshya Raichandani,4,0,4,4,0,Over,Null,NotReferred,Null,False,False,False,False,False,True,False,False,True,False,False,False,4,0,0,0,0,True,False,,,,,
1649232,4,7.75,6,0,0,31,0,6,76561,,40404,India v Australia U19 1-day 2026 - Men,1,229,India U19 Men,225,Australia U19 Men,8820975,2026-09-18T08:46:13Z,1,22,False,22147,Thomas Vaseo,21243,Lakshya Raichandani,22132,Aaryavir Sehwag,0,0,0,0,0,Over,Null,NotReferred,Null,False,False,False,False,False,True,False,False,True,False,False,False,0,0,0,0,0,False,False,,,,,
1649232,4,7.75,6,0,0,31,0,6,76561,,40404,India v Australia U19 1-day 2026 - Men,1,229,India U19 Men,225,Australia U19 Men,8820982,2026-09-18T08:47:21Z,2,23,False,22147,Thomas Vaseo,21243,Lakshya Raichandani,22132,Aaryavir Sehwag,1,0,1,1,0,Over,Null,NotReferred,Null,False,False,False,False,False,True,False,False,True,False,False,False,1,0,0,0,0,False,False,,,,,
1649232,4,7.75,6,0,0,31,0,6,76561,,40404,India v Australia U19 1-day 2026 - Men,1,229,India U19 Men,225,Australia U19 Men,8820983,2026-09-18T08:47:24Z,3,24,False,22147,Thomas Vaseo,22132,Aaryavir Sehwag,21243,Lakshya Raichandani,0,0,0,0,0,Over,Null,NotReferred,Null,False,False,False,False,False,True,False,False,True,False,False,False,0,0,0,0,0,False,False,,,,,
1649232,4,7.75,6,0,0,31,0,6,76561,,40404,India v Australia U19 1-day 2026 - Men,1,229,India U19 Men,225,Australia U19 Men,8820990,2026-09-18T08:48:33Z,4,25,False,22147,Thomas Vaseo,22132,Aaryavir Sehwag,21243,Lakshya Raichandani,0,0,0,0,0,Over,Null,NotReferred,Null,False,False,False,False,False,True,False,False,True,False,False,False,0,0,0,0,0,False,False,,,,,
1649232,4,7.75,6,0,0,31,0,6,76561,,40404,India v Australia U19 1-day 2026 - Men,1,229,India U19 Men,225,Australia U19 Men,8820991,2026-09-18T08:48:36Z,5,26,False,22147,Thomas Vaseo,22132,Aaryavir Sehwag,21243,Lakshya Raichandani,1,0,1,1,0,Over,Null,NotReferred,Null,False,False,False,False,False,True,False,False,True,False,False,False,1,0,0,0,0,False,False,,,,,
1649232,4,7.75,6,0,0,31,0,6,76561,,40404,India v Australia U19 1-day 2026 - Men,1,229,India U19 Men,225,Australia U19 Men,8820997,2026-09-18T08:49:27Z,6,27,False,22147,Thomas Vaseo,21243,Lakshya Raichandani,22132,Aaryavir Sehwag,4,0,4,4,0,Over,Null,NotReferred,Null,False,False,False,False,False,True,False,False,True,False,False,False,4,0,0,0,0,True,False,,,,,
1649236,5,7.4,6,0,0,37,0,6,76561,,40404,India v Australia U19 1-day 2026 - Men,1,229,India U19 Men,225,Australia U19 Men,8821001,2026-09-18T08:50:34Z,1,28,False,22148,Spencer Green,22132,Aaryavir Sehwag,21243,Lakshya Raichandani,0,0,0,0,0,Over,Null,NotReferred,Null,False,False,False,False,False,True,False,False,True,False,False,False,0,0,0,0,0,False,False,,,,,
1649236,5,7.4,6,0,0,37,0,6,76561,,40404,India v Australia U19 1-day 2026 - Men,1,229,India U19 Men,225,Australia U19 Men,8821002,2026-09-18T08:50:37Z,2,29,False,22148,Spencer Green,22132,Aaryavir Sehwag,21243,Lakshya Raichandani,1,0,1,1,0,Over,Null,NotReferred,Null,False,False,False,False,False,True,False,False,True,False,False,False,1,0,0,0,0,False,False,,,,,
1649236,5,7.4,6,0,0,37,0,6,76561,,40404,India v Australia U19 1-day 2026 - Men,1,229,India U19 Men,225,Australia U19 Men,8821008,2026-09-18T08:52:41Z,3,30,False,22148,Spencer Green,21243,Lakshya Raichandani,22132,Aaryavir Sehwag,0,0,0,0,0,Over,Null,NotReferred,Null,False,False,False,False,False,True,False,False,True,False,False,False,0,0,0,0,0,False,False,,,,,
1649236,5,7.4,6,0,0,37,0,6,76561,,40404,India v Australia U19 1-day 2026 - Men,1,229,India U19 Men,225,Australia U19 Men,8821009,2026-09-18T08:52:44Z,4,31,False,22148,Spencer Green,21243,Lakshya Raichandani,22132,Aaryavir Sehwag,1,0,1,1,0,Over,Null,NotReferred,Null,False,False,False,False,False,True,False,False,True,False,False,False,1,0,0,0,0,False,False,,,,,
1649236,5,7.4,6,0,0,37,0,6,76561,,40404,India v Australia U19 1-day 2026 - Men,1,229,India U19 Men,225,Australia U19 Men,8821011,2026-09-18T08:52:47Z,5,32,False,22148,Spencer Green,22132,Aaryavir Sehwag,21243,Lakshya Raichandani,4,0,4,4,0,Over,Null,NotReferred,Null,False,False,False,False,False,True,False,False,True,False,False,False,4,0,0,0,0,True,False,,,,,
1649236,5,7.4,6,0,0,37,0,6,76561,,40404,India v Australia U19 1-day 2026 - Men,1,229,India U19 Men,225,Australia U19 Men,8821012,2026-09-18T08:52:50Z,6,33,False,22148,Spencer Green,22132,Aaryavir Sehwag,21243,Lakshya Raichandani,0,0,0,0,0,Over,Null,NotReferred,Null,False,False,False,False,False,True,False,False,True,False,False,False,0,0,0,0,0,False,False,,,,,
1649239,6,7.5,8,0,0,45,0,8,76561,,40404,India v Australia U19 1-day 2026 - Men,1,229,India U19 Men,225,Australia U19 Men,8821017,2026-09-18T08:54:01Z,1,34,False,22147,Thomas Vaseo,21243,Lakshya Raichandani,22132,Aaryavir Sehwag,1,0,1,1,0,Over,Null,NotReferred,Null,False,False,False,False,False,True,False,False,True,False,False,False,1,0,0,0,0,False,False,,,,,
1649239,6,7.5,8,0,0,45,0,8,76561,,40404,India v Australia U19 1-day 2026 - Men,1,229,India U19 Men,225,Australia U19 Men,8821019,2026-09-18T08:54:05Z,2,35,False,22147,Thomas Vaseo,22132,Aaryavir Sehwag,21243,Lakshya Raichandani,1,0,1,1,0,Over,Null,NotReferred,Null,False,False,False,False,False,True,False,False,True,False,False,False,1,0,0,0,0,False,False,,,,,
1649239,6,7.5,8,0,0,45,0,8,76561,,40404,India v Australia U19 1-day 2026 - Men,1,229,India U19 Men,225,Australia U19 Men,8821025,2026-09-18T08:55:10Z,3,36,False,22147,Thomas Vaseo,21243,Lakshya Raichandani,22132,Aaryavir Sehwag,1,0,1,1,0,Over,Null,NotReferred,Null,False,False,False,False,False,True,False,False,True,False,False,False,1,0,0,0,0,False,False,,,,,
1649239,6,7.5,8,0,0,45,0,8,76561,,40404,India v Australia U19 1-day 2026 - Men,1,229,India U19 Men,225,Australia U19 Men,8821026,2026-09-18T08:55:13Z,4,37,False,22147,Thomas Vaseo,22132,Aaryavir Sehwag,21243,Lakshya Raichandani,4,0,4,4,0,Over,Null,NotReferred,Null,False,False,False,False,False,True,False,False,True,False,False,False,4,0,0,0,0,True,False,,,,,
1649239,6,7.5,8,0,0,45,0,8,76561,,40404,India v Australia U19 1-day 2026 - Men,1,229,India U19 Men,225,Australia U19 Men,8821027,2026-09-18T08:55:16Z,5,38,False,22147,Thomas Vaseo,22132,Aaryavir Sehwag,21243,Lakshya Raichandani,0,0,0,0,0,Over,Null,NotReferred,Null,False,False,False,False,False,True,False,False,True,False,False,False,0,0,0,0,0,False,False,,,,,
1649239,6,7.5,8,0,0,45,0,8,76561,,40404,India v Australia U19 1-day 2026 - Men,1,229,India U19 Men,225,Australia U19 Men,8821044,2026-09-18T08:59:54Z,6,39,False,22147,Thomas Vaseo,22132,Aaryavir Sehwag,21243,Lakshya Raichandani,1,0,1,1,0,Over,Null,NotReferred,Null,False,False,False,False,False,True,False,False,True,False,False,False,1,0,0,0,0,False,False,,,,,
1649243,7,8.0,11,1,0,56,1,11,76561,,40404,India v Australia U19 1-day 2026 - Men,1,229,India U19 Men,225,Australia U19 Men,8821045,2026-09-18T08:59:58Z,1,40,True,22148,Spencer Green,22132,Aaryavir Sehwag,21243,Lakshya Raichandani,0,0,0,0,0,Over,Null,NotReferred,Null,False,False,False,False,False,True,False,False,True,False,False,False,0,0,0,0,0,False,False,Caught,22132.0,Aaryavir Sehwag,Caught,Caught
1649243,7,8.0,11,1,0,56,1,11,76561,,40404,India v Australia U19 1-day 2026 - Men,1,229,India U19 Men,225,Australia U19 Men,8821046,2026-09-18T09:00:01Z,2,41,False,22148,Spencer Green,22135,Kushagra Ojha,21243,Lakshya Raichandani,4,0,4,4,0,Over,Null,NotReferred,Null,False,False,False,False,False,True,False,False,True,False,False,False,4,0,0,0,0,True,False,,,,,
1649243,7,8.0,11,1,0,56,1,11,76561,,40404,India v Australia U19 1-day 2026 - Men,1,229,India U19 Men,225,Australia U19 Men,8821051,2026-09-18T09:02:11Z,3,42,False,22148,Spencer Green,22135,Kushagra Ojha,21243,Lakshya Raichandani,6,0,6,6,0,Over,Null,NotReferred,Null,False,False,False,False,False,True,False,False,True,False,False,False,6,0,0,0,0,True,False,,,,,
1649243,7,8.0,11,1,0,56,1,11,76561,,40404,India v Australia U19 1-day 2026 - Men,1,229,India U19 Men,225,Australia U19 Men,8821052,2026-09-18T09:02:14Z,4,43,False,22148,Spencer Green,22135,Kushagra Ojha,21243,Lakshya Raichandani,0,0,0,0,0,Over,Null,NotReferred,Null,False,False,False,False,False,True,False,False,True,False,False,False,0,0,0,0,0,False,False,,,,,
1649243,7,8.0,11,1,0,56,1,11,76561,,40404,India v Australia U19 1-day 2026 - Men,1,229,India U19 Men,225,Australia U19 Men,8821054,2026-09-18T09:02:17Z,5,44,False,22148,Spencer Green,22135,Kushagra Ojha,21243,Lakshya Raichandani,1,0,1,1,0,Over,Null,NotReferred,Null,False,False,False,False,False,True,False,False,True,False,False,False,1,0,0,0,0,False,False,,,,,
1649243,7,8.0,11,1,0,56,1,11,76561,,40404,India v Australia U19 1-day 2026 - Men,1,229,India U19 Men,225,Australia U19 Men,8821055,2026-09-18T09:02:20Z,6,45,False,22148,Spencer Green,21243,Lakshya Raichandani,22135,Kushagra Ojha,0,0,0,0,0,Over,Null,NotReferred,Null,False,False,False,False,False,True,False,False,True,False,False,False,0,0,0,0,0,False,False,,,,,
1649245,8,7.75,6,0,0,62,1,6,76561,,40404,India v Australia U19 1-day 2026 - Men,1,229,India U19 Men,225,Australia U19 Men,8821058,2026-09-18T09:03:33Z,1,46,False,16997,Will Byrom,22135,Kushagra Ojha,21243,Lakshya Raichandani,1,1,1,0,0,Over,Null,NotReferred,Null,True,False,False,False,False,True,False,False,True,False,False,False,1,0,1,0,0,False,False,,,,,
1649245,8,7.75,6,0,0,62,1,6,76561,,40404,India v Australia U19 1-day 2026 - Men,1,229,India U19 Men,225,Australia U19 Men,8821067,2026-09-18T09:04:39Z,1,47,False,16997,Will Byrom,22135,Kushagra Ojha,21243,Lakshya Raichandani,2,0,2,2,0,Over,Null,NotReferred,Null,False,False,False,False,False,True,False,False,True,False,False,False,2,0,0,0,0,False,False,,,,,
1649245,8,7.75,6,0,0,62,1,6,76561,,40404,India v Australia U19 1-day 2026 - Men,1,229,India U19 Men,225,Australia U19 Men,8821068,2026-09-18T09:04:42Z,2,48,False,16997,Will Byrom,22135,Kushagra Ojha,21243,Lakshya Raichandani,0,0,0,0,0,Over,Null,NotReferred,Null,False,False,False,False,False,True,False,False,True,False,False,False,0,0,0,0,0,False,False,,,,,
1649245,8,7.75,6,0,0,62,1,6,76561,,40404,India v Australia U19 1-day 2026 - Men,1,229,India U19 Men,225,Australia U19 Men,8821073,2026-09-18T09:06:01Z,3,49,False,16997,Will Byrom,22135,Kushagra Ojha,21243,Lakshya Raichandani,0,0,0,0,0,Over,Null,NotReferred,Null,False,False,False,False,False,True,False,False,True,False,False,False,0,0,0,0,0,False,False,,,,,
1649245,8,7.75,6,0,0,62,1,6,76561,,40404,India v Australia U19 1-day 2026 - Men,1,229,India U19 Men,225,Australia U19 Men,8821074,2026-09-18T09:06:04Z,4,50,False,16997,Will Byrom,22135,Kushagra Ojha,21243,Lakshya Raichandani,1,0,1,1,0,Over,Null,NotReferred,Null,False,False,False,False,False,True,False,False,True,False,False,False,1,0,0,0,0,False,False,,,,,
1649245,8,7.75,6,0,0,62,1,6,76561,,40404,India v Australia U19 1-day 2026 - Men,1,229,India U19 Men,225,Australia U19 Men,8821079,2026-09-18T09:07:06Z,5,51,False,16997,Will Byrom,21243,Lakshya Raichandani,22135,Kushagra Ojha,1,0,1,1,0,Over,Null,NotReferred,Null,False,False,False,False,False,True,False,False,True,False,False,False,1,0,0,0,0,False,False,,,,,
1649245,8,7.75,6,0,0,62,1,6,76561,,40404,India v Australia U19 1-day 2026 - Men,1,229,India U19 Men,225,Australia U19 Men,8821082,2026-09-18T09:07:59Z,6,52,False,16997,Will Byrom,22135,Kushagra Ojha,21243,Lakshya Raichandani,1,0,1,1,0,Over,Null,NotReferred,Null,False,False,False,False,False,True,False,False,True,False,False,False,1,0,0,0,0,False,False,,,,,
1649250,9,7.22,3,1,0,65,2,3,76561,,40404,India v Australia U19 1-day 2026 - Men,1,229,India U19 Men,225,Australia U19 Men,8821086,2026-09-18T09:09:10Z,1,53,False,22145,Eli Brain,22135,Kushagra Ojha,21243,Lakshya Raichandani,0,0,0,0,0,Over,Null,NotReferred,Null,False,False,False,False,False,True,False,False,True,False,False,False,0,0,0,0,0,False,False,,,,,
1649250,9,7.22,3,1,0,65,2,3,76561,,40404,India v Australia U19 1-day 2026 - Men,1,229,India U19 Men,225,Australia U19 Men,8821087,2026-09-18T09:09:13Z,2,54,False,22145,Eli Brain,22135,Kushagra Ojha,21243,Lakshya Raichandani,0,0,0,0,0,Over,Null,NotReferred,Null,False,False,False,False,False,True,False,False,True,False,False,False,0,0,0,0,0,False,False,,,,,
1649250,9,7.22,3,1,0,65,2,3,76561,,40404,India v Australia U19 1-day 2026 - Men,1,229,India U19 Men,225,Australia U19 Men,8821088,2026-09-18T09:09:16Z,3,55,False,22145,Eli Brain,22135,Kushagra Ojha,21243,Lakshya Raichandani,0,0,0,0,0,Over,Null,NotReferred,Null,False,False,False,False,False,True,False,False,True,False,False,False,0,0,0,0,0,False,False,,,,,
1649250,9,7.22,3,1,0,65,2,3,76561,,40404,India v Australia U19 1-day 2026 - Men,1,229,India U19 Men,225,Australia U19 Men,8821089,2026-09-18T09:09:19Z,4,56,False,22145,Eli Brain,22135,Kushagra Ojha,21243,Lakshya Raichandani,1,0,1,1,0,Over,Null,NotReferred,Null,False,False,False,False,False,True,False,False,True,False,False,False,1,0,0,0,0,False,False,,,,,
1649250,9,7.22,3,1,0,65,2,3,76561,,40404,India v Australia U19 1-day 2026 - Men,1,229,India U19 Men,225,Australia U19 Men,8821102,2026-09-18T09:12:56Z,5,57,True,22145,Eli Brain,21243,Lakshya Raichandani,22135,Kushagra Ojha,0,0,0,0,0,Over,Null,NotReferred,Null,False,False,False,False,False,True,False,False,True,False,False,False,0,0,0,0,0,False,False,Caught,21243.0,Lakshya Raichandani,Caught,Caught
1649250,9,7.22,3,1,0,65,2,3,76561,,40404,India v Australia U19 1-day 2026 - Men,1,229,India U19 Men,225,Australia U19 Men,8821103,2026-09-18T09:13:00Z,6,58,False,22145,Eli Brain,22134,Yashbardhan Chauhan,22135,Kushagra Ojha,2,0,2,2,0,Over,Null,NotReferred,Null,False,False,False,False,False,True,False,False,True,False,False,False,2,0,0,0,0,False,False,,,,,
1649254,10,7.4,9,1,0,74,3,9,76561,,40404,India v Australia U19 1-day 2026 - Men,1,229,India U19 Men,225,Australia U19 Men,8821108,2026-09-18T09:14:47Z,1,59,True,16997,Will Byrom,22135,Kushagra Ojha,22134,Yashbardhan Chauhan,0,0,0,0,0,Over,Null,NotReferred,Null,False,False,False,False,False,True,False,False,True,False,False,False,0,0,0,0,0,False,False,Caught,22135.0,Kushagra Ojha,Caught,Caught
1649254,10,7.4,9,1,0,74,3,9,76561,,40404,India v Australia U19 1-day 2026 - Men,1,229,India U19 Men,225,Australia U19 Men,8821116,2026-09-18T09:16:54Z,2,60,False,16997,Will Byrom,22133,Arjun Rajput,22134,Yashbardhan Chauhan,2,1,2,1,0,Over,Null,NotReferred,Null,False,True,False,False,False,True,False,False,True,False,False,False,2,0,0,0,1,False,False,,,,,
1649254,10,7.4,9,1,0,74,3,9,76561,,40404,India v Australia U19 1-day 2026 - Men,1,229,India U19 Men,225,Australia U19 Men,8821117,2026-09-18T09:16:57Z,2,61,False,16997,Will Byrom,22134,Yashbardhan Chauhan,22133,Arjun Rajput,1,0,1,1,0,Over,Null,NotReferred,Null,False,False,False,False,False,True,False,False,True,False,False,False,1,0,0,0,0,False,False,,,,,
1649254,10,7.4,9,1,0,74,3,9,76561,,40404,India v Australia U19 1-day 2026 - Men,1,229,India U19 Men,225,Australia U19 Men,8821118,2026-09-18T09:17:00Z,3,62,False,16997,Will Byrom,22133,Arjun Rajput,22134,Yashbardhan Chauhan,0,0,0,0,0,Over,Null,NotReferred,Null,False,False,False,False,False,True,False,False,True,False,False,False,0,0,0,0,0,False,False,,,,,
1649254,10,7.4,9,1,0,74,3,9,76561,,40404,India v Australia U19 1-day 2026 - Men,1,229,India U19 Men,225,Australia U19 Men,8821119,2026-09-18T09:17:03Z,4,63,False,16997,Will Byrom,22133,Arjun Rajput,22134,Yashbardhan Chauhan,4,0,4,4,0,Over,Null,NotReferred,Null,False,False,False,False,False,True,False,False,True,False,False,False,4,0,0,0,0,True,False,,,,,
1649254,10,7.4,9,1,0,74,3,9,76561,,40404,India v Australia U19 1-day 2026 - Men,1,229,India U19 Men,225,Australia U19 Men,8821122,2026-09-18T09:18:07Z,5,64,False,16997,Will Byrom,22133,Arjun Rajput,22134,Yashbardhan Chauhan,1,0,1,1,0,Over,Null,NotReferred,Null,False,False,False,False,False,True,False,False,True,False,False,False,1,0,0,0,0,False,False,,,,,
1649254,10,7.4,9,1,0,74,3,9,76561,,40404,India v Australia U19 1-day 2026 - Men,1,229,India U19 Men,225,Australia U19 Men,8821126,2026-09-18T09:19:17Z,6,65,False,16997,Will Byrom,22134,Yashbardhan Chauhan,22133,Arjun Rajput,1,0,1,1,0,Over,Null,NotReferred,Null,False,False,False,False,False,True,False,False,True,False,False,False,1,0,0,0,0,False,False,,,,,
1649257,11,7.73,11,0,0,85,3,11,76561,,40404,India v Australia U19 1-day 2026 - Men,1,229,India U19 Men,225,Australia U19 Men,8821127,2026-09-18T09:19:20Z,1,66,False,22145,Eli Brain,22134,Yashbardhan Chauhan,22133,Arjun Rajput,2,0,2,2,0,Over,Null,NotReferred,Null,False,False,False,False,False,True,False,False,True,False,False,False,2,0,0,0,0,False,False,,,,,
1649257,11,7.73,11,0,0,85,3,11,76561,,40404,India v Australia U19 1-day 2026 - Men,1,229,India U19 Men,225,Australia U19 Men,8821135,2026-09-18T09:21:29Z,2,67,False,22145,Eli Brain,22134,Yashbardhan Chauhan,22133,Arjun Rajput,0,0,0,0,0,Over,Null,NotReferred,Null,False,False,False,False,False,True,False,False,True,False,False,False,0,0,0,0,0,False,False,,,,,
1649257,11,7.73,11,0,0,85,3,11,76561,,40404,India v Australia U19 1-day 2026 - Men,1,229,India U19 Men,225,Australia U19 Men,8821140,2026-09-18T09:22:39Z,3,68,False,22145,Eli Brain,22134,Yashbardhan Chauhan,22133,Arjun Rajput,0,0,0,0,0,Over,Null,NotReferred,Null,False,False,False,False,False,True,False,False,True,False,False,False,0,0,0,0,0,False,False,,,,,
1649257,11,7.73,11,0,0,85,3,11,76561,,40404,India v Australia U19 1-day 2026 - Men,1,229,India U19 Men,225,Australia U19 Men,8821141,2026-09-18T09:22:42Z,4,69,False,22145,Eli Brain,22134,Yashbardhan Chauhan,22133,Arjun Rajput,1,0,1,1,0,Over,Null,NotReferred,Null,False,False,False,False,False,True,False,False,True,False,False,False,1,0,0,0,0,False,False,,,,,
1649257,11,7.73,11,0,0,85,3,11,76561,,40404,India v Australia U19 1-day 2026 - Men,1,229,India U19 Men,225,Australia U19 Men,8821142,2026-09-18T09:22:45Z,5,70,False,22145,Eli Brain,22133,Arjun Rajput,22134,Yashbardhan Chauhan,6,0,6,6,0,Over,Null,NotReferred,Null,False,False,False,False,False,True,False,False,True,False,False,False,6,0,0,0,0,True,False,,,,,
1649257,11,7.73,11,0,0,85,3,11,76561,,40404,India v Australia U19 1-day 2026 - Men,1,229,India U19 Men,225,Australia U19 Men,8821145,2026-09-18T09:23:40Z,6,71,False,22145,Eli Brain,22133,Arjun Rajput,22134,Yashbardhan Chauhan,2,0,2,2,0,Over,Null,NotReferred,Null,False,False,False,False,False,True,False,False,True,False,False,False,2,0,0,0,0,False,False,,,,,
1649260,12,7.42,4,1,0,89,4,4,76561,,40404,India v Australia U19 1-day 2026 - Men,1,229,India U19 Men,225,Australia U19 Men,8821152,2026-09-18T09:25:53Z,1,72,False,22148,Spencer Green,22134,Yashbardhan Chauhan,22133,Arjun Rajput,0,0,0,0,0,Over,Null,NotReferred,Null,False,False,False,False,False,True,False,False,True,False,False,False,0,0,0,0,0,False,False,,,,,
1649260,12,7.42,4,1,0,89,4,4,76561,,40404,India v Australia U19 1-day 2026 - Men,1,229,India U19 Men,225,Australia U19 Men,8821153,2026-09-18T09:25:57Z,2,73,False,22148,Spencer Green,22134,Yashbardhan Chauhan,22133,Arjun Rajput,1,0,1,1,0,Over,Null,NotReferred,Null,False,False,False,False,False,True,False,False,True,False,False,False,1,0,0,0,0,False,False,,,,,
1649260,12,7.42,4,1,0,89,4,4,76561,,40404,India v Australia U19 1-day 2026 - Men,1,229,India U19 Men,225,Australia U19 Men,8821154,2026-09-18T09:26:00Z,3,74,False,22148,Spencer Green,22133,Arjun Rajput,22134,Yashbardhan Chauhan,1,0,1,1,0,Over,Null,NotReferred,Null,False,False,False,False,False,True,False,False,True,False,False,False,1,0,0,0,0,False,False,,,,,
1649260,12,7.42,4,1,0,89,4,4,76561,,40404,India v Australia U19 1-day 2026 - Men,1,229,India U19 Men,225,Australia U19 Men,8821155,2026-09-18T09:26:03Z,4,75,False,22148,Spencer Green,22134,Yashbardhan Chauhan,22133,Arjun Rajput,1,0,1,1,0,Over,Null,NotReferred,Null,False,False,False,False,False,True,False,False,True,False,False,False,1,0,0,0,0,False,False,,,,,
1649260,12,7.42,4,1,0,89,4,4,76561,,40404,India v Australia U19 1-day 2026 - Men,1,229,India U19 Men,225,Australia U19 Men,8821159,2026-09-18T09:27:09Z,5,76,True,22148,Spencer Green,22133,Arjun Rajput,22134,Yashbardhan Chauhan,0,0,0,0,0,Over,Null,NotReferred,Null,False,False,False,False,False,True,False,False,True,False,False,False,0,0,0,0,0,False,False,Lbw,22133.0,Arjun Rajput,LBW,Lbw
1649260,12,7.42,4,1,0,89,4,4,76561,,40404,India v Australia U19 1-day 2026 - Men,1,229,India U19 Men,225,Australia U19 Men,8821163,2026-09-18T09:28:19Z,6,77,False,22148,Spencer Green,22131,Anvay Dravid,22134,Yashbardhan Chauhan,1,0,1,1,0,Over,Null,NotReferred,Null,False,False,False,False,False,True,False,False,True,False,False,False,1,0,0,0,0,False,False,,,,,
1649264,13,7.69,11,0,0,100,4,11,76561,,40404,India v Australia U19 1-day 2026 - Men,1,229,India U19 Men,225,Australia U19 Men,8821172,2026-09-18T09:30:06Z,1,78,False,16997,Will Byrom,22131,Anvay Dravid,22134,Yashbardhan Chauhan,1,0,1,1,0,Over,Null,NotReferred,Null,False,False,False,False,False,True,False,False,True,False,False,False,1,0,0,0,0,False,False,,,,,
1649264,13,7.69,11,0,0,100,4,11,76561,,40404,India v Australia U19 1-day 2026 - Men,1,229,India U19 Men,225,Australia U19 Men,8821173,2026-09-18T09:30:09Z,2,79,False,16997,Will Byrom,22134,Yashbardhan Chauhan,22131,Anvay Dravid,1,1,1,0,0,Over,Null,NotReferred,Null,True,False,False,False,False,True,False,False,True,False,False,False,1,0,1,0,0,False,False,,,,,
1649264,13,7.69,11,0,0,100,4,11,76561,,40404,India v Australia U19 1-day 2026 - Men,1,229,India U19 Men,225,Australia U19 Men,8821188,2026-09-18T09:31:19Z,2,80,False,16997,Will Byrom,22134,Yashbardhan Chauhan,22131,Anvay Dravid,1,0,1,1,0,Over,Null,NotReferred,Null,False,False,False,False,False,True,False,False,True,False,False,False,1,0,0,0,0,False,False,,,,,
1649264,13,7.69,11,0,0,100,4,11,76561,,40404,India v Australia U19 1-day 2026 - Men,1,229,India U19 Men,225,Australia U19 Men,8821190,2026-09-18T09:31:23Z,3,81,False,16997,Will Byrom,22131,Anvay Dravid,22134,Yashbardhan Chauhan,1,0,1,1,0,Over,Null,NotReferred,Null,False,False,False,False,False,True,False,False,True,False,False,False,1,0,0,0,0,False,False,,,,,
1649264,13,7.69,11,0,0,100,4,11,76561,,40404,India v Australia U19 1-day 2026 - Men,1,229,India U19 Men,225,Australia U19 Men,8821217,2026-09-18T09:33:38Z,4,82,False,16997,Will Byrom,22134,Yashbardhan Chauhan,22131,Anvay Dravid,1,0,1,1,0,Over,Null,NotReferred,Null,False,False,False,False,False,True,False,False,True,False,False,False,1,0,0,0,0,False,False,,,,,
1649264,13,7.69,11,0,0,100,4,11,76561,,40404,India v Australia U19 1-day 2026 - Men,1,229,India U19 Men,225,Australia U19 Men,8821220,2026-09-18T09:33:41Z,5,83,False,16997,Will Byrom,22131,Anvay Dravid,22134,Yashbardhan Chauhan,2,0,2,2,0,Over,Null,NotReferred,Null,False,False,False,False,False,True,False,False,True,False,False,False,2,0,0,0,0,False,False,,,,,
1649264,13,7.69,11,0,0,100,4,11,76561,,40404,India v Australia U19 1-day 2026 - Men,1,229,India U19 Men,225,Australia U19 Men,8821221,2026-09-18T09:33:44Z,6,84,False,16997,Will Byrom,22131,Anvay Dravid,22134,Yashbardhan Chauhan,4,0,4,4,0,Over,Null,NotReferred,Null,False,False,False,False,False,True,False,False,True,False,False,False,4,0,0,0,0,True,False,,,,,
1649276,14,8.71,22,0,0,122,4,22,76561,,40404,India v Australia U19 1-day 2026 - Men,1,229,India U19 Men,225,Australia U19 Men,8821231,2026-09-18T09:34:40Z,1,85,False,22148,Spencer Green,22134,Yashbardhan Chauhan,22131,Anvay Dravid,6,0,6,6,0,Over,Null,NotReferred,Null,False,False,False,False,False,True,False,False,True,False,False,False,6,0,0,0,0,True,False,,,,,
1649276,14,8.71,22,0,0,122,4,22,76561,,40404,India v Australia U19 1-day 2026 - Men,1,229,India U19 Men,225,Australia U19 Men,8821233,2026-09-18T09:34:43Z,2,86,False,22148,Spencer Green,22134,Yashbardhan Chauhan,22131,Anvay Dravid,1,0,1,1,0,Over,Null,NotReferred,Null,False,False,False,False,False,True,False,False,True,False,False,False,1,0,0,0,0,False,False,,,,,
1649276,14,8.71,22,0,0,122,4,22,76561,,40404,India v Australia U19 1-day 2026 - Men,1,229,India U19 Men,225,Australia U19 Men,8821247,2026-09-18T09:35:49Z,3,87,False,22148,Spencer Green,22131,Anvay Dravid,22134,Yashbardhan Chauhan,6,0,6,6,0,Over,Null,NotReferred,Null,False,False,False,False,False,True,False,False,True,False,False,False,6,0,0,0,0,True,False,,,,,
1649276,14,8.71,22,0,0,122,4,22,76561,,40404,India v Australia U19 1-day 2026 - Men,1,229,India U19 Men,225,Australia U19 Men,8821248,2026-09-18T09:35:52Z,4,88,False,22148,Spencer Green,22131,Anvay Dravid,22134,Yashbardhan Chauhan,1,0,1,1,0,Over,Null,NotReferred,Null,False,False,False,False,False,True,False,False,True,False,False,False,1,0,0,0,0,False,False,,,,,
1649276,14,8.71,22,0,0,122,4,22,76561,,40404,India v Australia U19 1-day 2026 - Men,1,229,India U19 Men,225,Australia U19 Men,8821261,2026-09-18T09:37:02Z,5,89,False,22148,Spencer Green,22134,Yashbardhan Chauhan,22131,Anvay Dravid,4,0,4,4,0,Over,Null,NotReferred,Null,False,False,False,False,False,True,False,False,True,False,False,False,4,0,0,0,0,True,False,,,,,
1649276,14,8.71,22,0,0,122,4,22,76561,,40404,India v Australia U19 1-day 2026 - Men,1,229,India U19 Men,225,Australia U19 Men,8821262,2026-09-18T09:37:05Z,6,90,False,22148,Spencer Green,22134,Yashbardhan Chauhan,22131,Anvay Dravid,4,0,4,4,0,Over,Null,NotReferred,Null,False,False,False,False,False,True,False,False,True,False,False,False,4,0,0,0,0,True,False,,,,,
1649284,15,8.93,12,0,0,134,4,12,76561,,40404,India v Australia U19 1-day 2026 - Men,1,229,India U19 Men,225,Australia U19 Men,8821270,2026-09-18T09:37:38Z,1,91,False,22145,Eli Brain,22131,Anvay Dravid,22134,Yashbardhan Chauhan,0,1,1,0,0,Over,Null,NotReferred,Null,False,False,False,True,False,True,False,False,True,False,False,False,1,0,0,1,0,False,False,,,,,
1649284,15,8.93,12,0,0,134,4,12,76561,,40404,India v Australia U19 1-day 2026 - Men,1,229,India U19 Men,225,Australia U19 Men,8821282,2026-09-18T09:38:34Z,2,92,False,22145,Eli Brain,22134,Yashbardhan Chauhan,22131,Anvay Dravid,1,0,1,1,0,Over,Null,NotReferred,Null,False,False,False,False,False,True,False,False,True,False,False,False,1,0,0,0,0,False,False,,,,,
1649284,15,8.93,12,0,0,134,4,12,76561,,40404,India v Australia U19 1-day 2026 - Men,1,229,India U19 Men,225,Australia U19 Men,8821284,2026-09-18T09:38:38Z,3,93,False,22145,Eli Brain,22131,Anvay Dravid,22134,Yashbardhan Chauhan,2,0,2,2,0,Over,Null,NotReferred,Null,False,False,False,False,False,True,False,False,True,False,False,False,2,0,0,0,0,False,False,,,,,
1649284,15,8.93,12,0,0,134,4,12,76561,,40404,India v Australia U19 1-day 2026 - Men,1,229,India U19 Men,225,Australia U19 Men,8821319,2026-09-18T09:41:37Z,4,94,False,22145,Eli Brain,22131,Anvay Dravid,22134,Yashbardhan Chauhan,6,0,6,6,0,Over,Null,NotReferred,Null,False,False,False,False,False,True,False,False,True,False,False,False,6,0,0,0,0,True,False,,,,,
1649284,15,8.93,12,0,0,134,4,12,76561,,40404,India v Australia U19 1-day 2026 - Men,1,229,India U19 Men,225,Australia U19 Men,8821321,2026-09-18T09:41:40Z,5,95,False,22145,Eli Brain,22131,Anvay Dravid,22134,Yashbardhan Chauhan,1,0,1,1,0,Over,Null,NotReferred,Null,False,False,False,False,False,True,False,False,True,False,False,False,1,0,0,0,0,False,False,,,,,
1649284,15,8.93,12,0,0,134,4,12,76561,,40404,India v Australia U19 1-day 2026 - Men,1,229,India U19 Men,225,Australia U19 Men,8821322,2026-09-18T09:41:43Z,6,96,False,22145,Eli Brain,22134,Yashbardhan Chauhan,22131,Anvay Dravid,1,0,1,1,0,Over,Null,NotReferred,Null,False,False,False,False,False,True,False,False,True,False,False,False,1,0,0,0,0,False,False,,,,,
1649293,16,9.19,13,0,0,147,4,13,76561,,40404,India v Australia U19 1-day 2026 - Men,1,229,India U19 Men,225,Australia U19 Men,8821323,2026-09-18T09:41:46Z,1,97,False,22147,Thomas Vaseo,22134,Yashbardhan Chauhan,22131,Anvay Dravid,1,0,1,1,0,Over,Null,NotReferred,Null,False,False,False,False,False,True,False,False,True,False,False,False,1,0,0,0,0,False,False,,,,,
1649293,16,9.19,13,0,0,147,4,13,76561,,40404,India v Australia U19 1-day 2026 - Men,1,229,India U19 Men,225,Australia U19 Men,8821375,2026-09-18T09:46:20Z,2,98,False,22147,Thomas Vaseo,22131,Anvay Dravid,22134,Yashbardhan Chauhan,0,0,0,0,0,Over,Null,NotReferred,Null,False,False,False,False,False,True,False,False,True,False,False,False,0,0,0,0,0,False,False,,,,,
1649293,16,9.19,13,0,0,147,4,13,76561,,40404,India v Australia U19 1-day 2026 - Men,1,229,India U19 Men,225,Australia U19 Men,8821378,2026-09-18T09:46:23Z,3,99,False,22147,Thomas Vaseo,22131,Anvay Dravid,22134,Yashbardhan Chauhan,6,0,6,6,0,Over,Null,NotReferred,Null,False,False,False,False,False,True,False,False,True,False,False,False,6,0,0,0,0,True,False,,,,,
1649293,16,9.19,13,0,0,147,4,13,76561,,40404,India v Australia U19 1-day 2026 - Men,1,229,India U19 Men,225,Australia U19 Men,8821379,2026-09-18T09:46:26Z,4,100,False,22147,Thomas Vaseo,22131,Anvay Dravid,22134,Yashbardhan Chauhan,1,0,1,1,0,Over,Null,NotReferred,Null,False,False,False,False,False,True,False,False,True,False,False,False,1,0,0,0,0,False,False,,,,,
1649293,16,9.19,13,0,0,147,4,13,76561,,40404,India v Australia U19 1-day 2026 - Men,1,229,India U19 Men,225,Australia U19 Men,8821394,2026-09-18T09:47:34Z,5,101,False,22147,Thomas Vaseo,22134,Yashbardhan Chauhan,22131,Anvay Dravid,1,0,1,1,0,Over,Null,NotReferred,Null,False,False,False,False,False,True,False,False,True,False,False,False,1,0,0,0,0,False,False,,,,,
1649293,16,9.19,13,0,0,147,4,13,76561,,40404,India v Australia U19 1-day 2026 - Men,1,229,India U19 Men,225,Australia U19 Men,8821397,2026-09-18T09:47:37Z,6,102,False,22147,Thomas Vaseo,22131,Anvay Dravid,22134,Yashbardhan Chauhan,4,0,4,4,0,Over,Null,NotReferred,Null,False,False,False,False,False,True,False,False,True,False,False,False,4,0,0,0,0,True,False,,,,,
1649307,17,9.12,8,0,0,155,4,8,76561,,40404,India v Australia U19 1-day 2026 - Men,1,229,India U19 Men,225,Australia U19 Men,8821410,2026-09-18T09:48:49Z,1,103,False,16998,Kasey Barton,22134,Yashbardhan Chauhan,22131,Anvay Dravid,0,0,0,0,0,Over,Null,NotReferred,Null,False,False,False,False,False,True,False,False,True,False,False,False,0,0,0,0,0,False,False,,,,,
1649307,17,9.12,8,0,0,155,4,8,76561,,40404,India v Australia U19 1-day 2026 - Men,1,229,India U19 Men,225,Australia U19 Men,8821420,2026-09-18T09:49:29Z,2,104,False,16998,Kasey Barton,22134,Yashbardhan Chauhan,22131,Anvay Dravid,1,0,1,1,0,Over,Null,NotReferred,Null,False,False,False,False,False,True,False,False,True,False,False,False,1,0,0,0,0,False,False,,,,,
1649307,17,9.12,8,0,0,155,4,8,76561,,40404,India v Australia U19 1-day 2026 - Men,1,229,India U19 Men,225,Australia U19 Men,8821432,2026-09-18T09:50:39Z,3,105,False,16998,Kasey Barton,22131,Anvay Dravid,22134,Yashbardhan Chauhan,1,0,1,1,0,Over,Null,NotReferred,Null,False,False,False,False,False,True,False,False,True,False,False,False,1,0,0,0,0,False,False,,,,,
1649307,17,9.12,8,0,0,155,4,8,76561,,40404,India v Australia U19 1-day 2026 - Men,1,229,India U19 Men,225,Australia U19 Men,8821443,2026-09-18T09:51:49Z,4,106,False,16998,Kasey Barton,22134,Yashbardhan Chauhan,22131,Anvay Dravid,4,0,4,4,0,Over,Null,NotReferred,Null,False,False,False,False,False,True,False,False,True,False,False,False,4,0,0,0,0,True,False,,,,,
1649307,17,9.12,8,0,0,155,4,8,76561,,40404,India v Australia U19 1-day 2026 - Men,1,229,India U19 Men,225,Australia U19 Men,8821444,2026-09-18T09:51:52Z,5,107,False,16998,Kasey Barton,22134,Yashbardhan Chauhan,22131,Anvay Dravid,2,0,2,2,0,Over,Null,NotReferred,Null,False,False,False,False,False,True,False,False,True,False,False,False,2,0,0,0,0,False,False,,,,,
1649307,17,9.12,8,0,0,155,4,8,76561,,40404,India v Australia U19 1-day 2026 - Men,1,229,India U19 Men,225,Australia U19 Men,8821457,2026-09-18T09:53:08Z,6,108,False,16998,Kasey Barton,22134,Yashbardhan Chauhan,22131,Anvay Dravid,0,0,0,0,0,Over,Null,NotReferred,Null,False,False,False,False,False,True,False,False,True,False,False,False,0,0,0,0,0,False,False,,,,,
1649316,18,8.83,4,1,0,159,5,4,76561,,40404,India v Australia U19 1-day 2026 - Men,1,229,India U19 Men,225,Australia U19 Men,8821473,2026-09-18T09:54:15Z,1,109,False,22145,Eli Brain,22131,Anvay Dravid,22134,Yashbardhan Chauhan,1,0,1,1,0,Over,Null,NotReferred,Null,False,False,False,False,False,True,False,False,True,False,False,False,1,0,0,0,0,False,False,,,,,
1649316,18,8.83,4,1,0,159,5,4,76561,,40404,India v Australia U19 1-day 2026 - Men,1,229,India U19 Men,225,Australia U19 Men,8821474,2026-09-18T09:54:18Z,2,110,False,22145,Eli Brain,22134,Yashbardhan Chauhan,22131,Anvay Dravid,1,0,1,1,0,Over,Null,NotReferred,Null,False,False,False,False,False,True,False,False,True,False,False,False,1,0,0,0,0,False,False,,,,,
1649316,18,8.83,4,1,0,159,5,4,76561,,40404,India v Australia U19 1-day 2026 - Men,1,229,India U19 Men,225,Australia U19 Men,8821488,2026-09-18T09:55:38Z,3,111,True,22145,Eli Brain,22131,Anvay Dravid,22134,Yashbardhan Chauhan,0,0,0,0,0,Over,Null,NotReferred,Null,False,False,False,False,False,True,False,False,True,False,False,False,0,0,0,0,0,False,False,Bowled,22131.0,Anvay Dravid,Bowled,Bowled
1649316,18,8.83,4,1,0,159,5,4,76561,,40404,India v Australia U19 1-day 2026 - Men,1,229,India U19 Men,225,Australia U19 Men,8821507,2026-09-18T09:57:12Z,4,112,False,22145,Eli Brain,22137,V Yashveer,22134,Yashbardhan Chauhan,0,0,0,0,0,Over,Null,NotReferred,Null,False,False,False,False,False,True,False,False,True,False,False,False,0,0,0,0,0,False,False,,,,,
1649316,18,8.83,4,1,0,159,5,4,76561,,40404,India v Australia U19 1-day 2026 - Men,1,229,India U19 Men,225,Australia U19 Men,8821521,2026-09-18T09:58:23Z,5,113,False,22145,Eli Brain,22137,V Yashveer,22134,Yashbardhan Chauhan,2,0,2,2,0,Over,Null,NotReferred,Null,False,False,False,False,False,True,False,False,True,False,False,False,2,0,0,0,0,False,False,,,,,
1649316,18,8.83,4,1,0,159,5,4,76561,,40404,India v Australia U19 1-day 2026 - Men,1,229,India U19 Men,225,Australia U19 Men,8821522,2026-09-18T09:58:27Z,6,114,False,22145,Eli Brain,22137,V Yashveer,22134,Yashbardhan Chauhan,0,0,0,0,0,Over,Null,NotReferred,Null,False,False,False,False,False,True,False,False,True,False,False,False,0,0,0,0,0,False,False,,,,,
1649326,19,9.16,15,0,0,174,5,15,76561,,40404,India v Australia U19 1-day 2026 - Men,1,229,India U19 Men,225,Australia U19 Men,8821534,2026-09-18T09:59:36Z,1,115,False,16998,Kasey Barton,22134,Yashbardhan Chauhan,22137,V Yashveer,1,0,1,1,0,Over,Null,NotReferred,Null,False,False,False,False,False,True,False,False,True,False,False,False,1,0,0,0,0,False,False,,,,,
1649326,19,9.16,15,0,0,174,5,15,76561,,40404,India v Australia U19 1-day 2026 - Men,1,229,India U19 Men,225,Australia U19 Men,8821545,2026-09-18T10:00:41Z,2,116,False,16998,Kasey Barton,22137,V Yashveer,22134,Yashbardhan Chauhan,1,0,1,1,0,Over,Null,NotReferred,Null,False,False,False,False,False,True,False,False,True,False,False,False,1,0,0,0,0,False,False,,,,,
1649326,19,9.16,15,0,0,174,5,15,76561,,40404,India v Australia U19 1-day 2026 - Men,1,229,India U19 Men,225,Australia U19 Men,8821547,2026-09-18T10:00:44Z,3,117,False,16998,Kasey Barton,22134,Yashbardhan Chauhan,22137,V Yashveer,4,0,4,4,0,Over,Null,NotReferred,Null,False,False,False,False,False,True,False,False,True,False,False,False,4,0,0,0,0,True,False,,,,,
1649326,19,9.16,15,0,0,174,5,15,76561,,40404,India v Australia U19 1-day 2026 - Men,1,229,India U19 Men,225,Australia U19 Men,8821576,2026-09-18T10:02:58Z,4,118,False,16998,Kasey Barton,22134,Yashbardhan Chauhan,22137,V Yashveer,7,1,7,6,0,Over,Null,NotReferred,Null,False,True,False,False,False,True,False,False,True,False,False,False,7,0,0,0,1,True,False,,,,,
1649326,19,9.16,15,0,0,174,5,15,76561,,40404,India v Australia U19 1-day 2026 - Men,1,229,India U19 Men,225,Australia U19 Men,8821578,2026-09-18T10:03:02Z,4,119,False,16998,Kasey Barton,22134,Yashbardhan Chauhan,22137,V Yashveer,0,0,0,0,0,Over,Null,NotReferred,Null,False,False,False,False,False,True,False,False,True,False,False,False,0,0,0,0,0,False,False,,,,,
1649326,19,9.16,15,0,0,174,5,15,76561,,40404,India v Australia U19 1-day 2026 - Men,1,229,India U19 Men,225,Australia U19 Men,8821579,2026-09-18T10:03:05Z,5,120,False,16998,Kasey Barton,22134,Yashbardhan Chauhan,22137,V Yashveer,1,0,1,1,0,Over,Null,NotReferred,Null,False,False,False,False,False,True,False,False,True,False,False,False,1,0,0,0,0,False,False,,,,,
1649326,19,9.16,15,0,0,174,5,15,76561,,40404,India v Australia U19 1-day 2026 - Men,1,229,India U19 Men,225,Australia U19 Men,8821583,2026-09-18T10:03:21Z,6,121,False,16998,Kasey Barton,22137,V Yashveer,22134,Yashbardhan Chauhan,1,0,1,1,0,Over,Null,NotReferred,Null,False,False,False,False,False,True,False,False,True,False,False,False,1,0,0,0,0,False,False,,,,,
1649340,20,9.1,8,1,0,182,6,8,76561,,40404,India v Australia U19 1-day 2026 - Men,1,229,India U19 Men,225,Australia U19 Men,8821610,2026-09-18T10:05:45Z,1,122,False,22147,Thomas Vaseo,22137,V Yashveer,22134,Yashbardhan Chauhan,1,0,1,1,0,Over,Null,NotReferred,Null,False,False,False,False,False,True,False,False,True,False,False,False,1,0,0,0,0,False,False,,,,,
1649340,20,9.1,8,1,0,182,6,8,76561,,40404,India v Australia U19 1-day 2026 - Men,1,229,India U19 Men,225,Australia U19 Men,8821611,2026-09-18T10:05:49Z,2,123,False,22147,Thomas Vaseo,22134,Yashbardhan Chauhan,22137,V Yashveer,4,0,4,4,0,Over,Null,NotReferred,Null,False,False,False,False,False,True,False,False,True,False,False,False,4,0,0,0,0,True,False,,,,,
1649340,20,9.1,8,1,0,182,6,8,76561,,40404,India v Australia U19 1-day 2026 - Men,1,229,India U19 Men,225,Australia U19 Men,8821634,2026-09-18T10:07:44Z,3,124,False,22147,Thomas Vaseo,22134,Yashbardhan Chauhan,22137,V Yashveer,0,0,0,0,0,Over,Null,NotReferred,Null,False,False,False,False,False,True,False,False,True,False,False,False,0,0,0,0,0,False,False,,,,,
1649340,20,9.1,8,1,0,182,6,8,76561,,40404,India v Australia U19 1-day 2026 - Men,1,229,India U19 Men,225,Australia U19 Men,8821649,2026-09-18T10:08:55Z,4,125,True,22147,Thomas Vaseo,22134,Yashbardhan Chauhan,22137,V Yashveer,0,0,0,0,0,Over,Null,NotReferred,Null,False,False,False,False,False,True,False,False,True,False,False,False,0,0,0,0,0,False,False,Caught,22134.0,Yashbardhan Chauhan,Caught,Caught
1649340,20,9.1,8,1,0,182,6,8,76561,,40404,India v Australia U19 1-day 2026 - Men,1,229,India U19 Men,225,Australia U19 Men,8821651,2026-09-18T10:08:59Z,5,126,False,22147,Thomas Vaseo,22136,Manal Chauhan,22137,V Yashveer,1,0,1,1,0,Over,Null,NotReferred,Null,False,False,False,False,False,True,False,False,True,False,False,False,1,0,0,0,0,False,False,,,,,
1649340,20,9.1,8,1,0,182,6,8,76561,,40404,India v Australia U19 1-day 2026 - Men,1,229,India U19 Men,225,Australia U19 Men,8821665,2026-09-18T10:10:01Z,6,127,False,22147,Thomas Vaseo,22137,V Yashveer,22136,Manal Chauhan,2,0,2,2,0,Over,Null,NotReferred,Null,False,False,False,False,False,True,False,False,True,False,False,False,2,0,0,0,0,False,False,,,,,
1649381,2,9.5,17,0,0,19,0,17,76563,,40404,India v Australia U19 1-day 2026 - Men,2,225,Australia U19 Men,229,India U19 Men,8821852,2026-09-18T10:25:46Z,1,7,False,22138,Chigurupati Venkata,22144,Hayden Barbulovic,22143,Neel Patel,1,1,1,0,0,Over,Null,NotReferred,Null,True,False,False,False,False,True,False,False,True,False,False,False,1,0,1,0,0,False,False,,,,,
1649381,2,9.5,17,0,0,19,0,17,76563,,40404,India v Australia U19 1-day 2026 - Men,2,225,Australia U19 Men,229,India U19 Men,8821868,2026-09-18T10:26:56Z,1,8,False,22138,Chigurupati Venkata,22144,Hayden Barbulovic,22143,Neel Patel,4,0,4,4,0,Over,Null,NotReferred,Null,False,False,False,False,False,True,False,False,True,False,False,False,4,0,0,0,0,True,False,,,,,
1649381,2,9.5,17,0,0,19,0,17,76563,,40404,India v Australia U19 1-day 2026 - Men,2,225,Australia U19 Men,229,India U19 Men,8821870,2026-09-18T10:26:59Z,2,9,False,22138,Chigurupati Venkata,22144,Hayden Barbulovic,22143,Neel Patel,0,0,0,0,0,Over,Null,NotReferred,Null,False,False,False,False,False,True,False,False,True,False,False,False,0,0,0,0,0,False,False,,,,,
1649381,2,9.5,17,0,0,19,0,17,76563,,40404,India v Australia U19 1-day 2026 - Men,2,225,Australia U19 Men,229,India U19 Men,8821895,2026-09-18T10:29:01Z,3,10,False,22138,Chigurupati Venkata,22144,Hayden Barbulovic,22143,Neel Patel,6,0,6,6,0,Over,Null,NotReferred,Null,False,False,False,False,False,True,False,False,True,False,False,False,6,0,0,0,0,True,False,,,,,
1649381,2,9.5,17,0,0,19,0,17,76563,,40404,India v Australia U19 1-day 2026 - Men,2,225,Australia U19 Men,229,India U19 Men,8821896,2026-09-18T10:29:04Z,4,11,False,22138,Chigurupati Venkata,22144,Hayden Barbulovic,22143,Neel Patel,1,1,1,0,0,Over,Null,NotReferred,Null,True,False,False,False,False,True,False,False,True,False,False,False,1,0,1,0,0,False,False,,,,,
1649381,2,9.5,17,0,0,19,0,17,76563,,40404,India v Australia U19 1-day 2026 - Men,2,225,Australia U19 Men,229,India U19 Men,8821897,2026-09-18T10:29:07Z,4,12,False,22138,Chigurupati Venkata,22144,Hayden Barbulovic,22143,Neel Patel,4,0,4,4,0,Over,Null,NotReferred,Null,False,False,False,False,False,True,False,False,True,False,False,False,4,0,0,0,0,True,False,,,,,
1649381,2,9.5,17,0,0,19,0,17,76563,,40404,India v Australia U19 1-day 2026 - Men,2,225,Australia U19 Men,229,India U19 Men,8821912,2026-09-18T10:30:17Z,5,13,False,22138,Chigurupati Venkata,22144,Hayden Barbulovic,22143,Neel Patel,1,0,1,1,0,Over,Null,NotReferred,Null,False,False,False,False,False,True,False,False,True,False,False,False,1,0,0,0,0,False,False,,,,,
1649381,2,9.5,17,0,0,19,0,17,76563,,40404,India v Australia U19 1-day 2026 - Men,2,225,Australia U19 Men,229,India U19 Men,8821915,2026-09-18T10:30:20Z,6,14,False,22138,Chigurupati Venkata,22143,Neel Patel,22144,Hayden Barbulovic,0,0,0,0,0,Over,Null,NotReferred,Null,False,False,False,False,False,True,False,False,True,False,False,False,0,0,0,0,0,False,False,,,,,
1649393,3,8.0,5,0,0,24,0,5,76563,,40404,India v Australia U19 1-day 2026 - Men,2,225,Australia U19 Men,229,India U19 Men,8821930,2026-09-18T10:31:24Z,1,15,False,22140,Mohit Ulva,22144,Hayden Barbulovic,22143,Neel Patel,2,0,2,2,0,Over,Null,NotReferred,Null,False,False,False,False,False,True,False,False,True,False,False,False,2,0,0,0,0,False,False,,,,,
1649393,3,8.0,5,0,0,24,0,5,76563,,40404,India v Australia U19 1-day 2026 - Men,2,225,Australia U19 Men,229,India U19 Men,8821951,2026-09-18T10:32:34Z,2,16,False,22140,Mohit Ulva,22144,Hayden Barbulovic,22143,Neel Patel,1,0,1,1,0,Over,Null,NotReferred,Null,False,False,False,False,False,True,False,False,True,False,False,False,1,0,0,0,0,False,False,,,,,
1649393,3,8.0,5,0,0,24,0,5,76563,,40404,India v Australia U19 1-day 2026 - Men,2,225,Australia U19 Men,229,India U19 Men,8821953,2026-09-18T10:32:38Z,3,17,False,22140,Mohit Ulva,22143,Neel Patel,22144,Hayden Barbulovic,1,0,1,1,0,Over,Null,NotReferred,Null,False,False,False,False,False,True,False,False,True,False,False,False,1,0,0,0,0,False,False,,,,,
1649393,3,8.0,5,0,0,24,0,5,76563,,40404,India v Australia U19 1-day 2026 - Men,2,225,Australia U19 Men,229,India U19 Men,8821971,2026-09-18T10:33:51Z,4,18,False,22140,Mohit Ulva,22144,Hayden Barbulovic,22143,Neel Patel,1,0,1,1,0,Over,Null,NotReferred,Null,False,False,False,False,False,True,False,False,True,False,False,False,1,0,0,0,0,False,False,,,,,
1649393,3,8.0,5,0,0,24,0,5,76563,,40404,India v Australia U19 1-day 2026 - Men,2,225,Australia U19 Men,229,India U19 Men,8821972,2026-09-18T10:33:54Z,5,19,False,22140,Mohit Ulva,22143,Neel Patel,22144,Hayden Barbulovic,0,0,0,0,0,Over,Null,NotReferred,Null,False,False,False,False,False,True,False,False,True,False,False,False,0,0,0,0,0,False,False,,,,,
1649393,3,8.0,5,0,0,24,0,5,76563,,40404,India v Australia U19 1-day 2026 - Men,2,225,Australia U19 Men,229,India U19 Men,8821987,2026-09-18T10:35:06Z,6,20,False,22140,Mohit Ulva,22143,Neel Patel,22144,Hayden Barbulovic,0,0,0,0,0,Over,Null,NotReferred,Null,False,False,False,False,False,True,False,False,True,False,False,False,0,0,0,0,0,False,False,,,,,
1649405,4,9.0,12,0,0,36,0,12,76563,,40404,India v Australia U19 1-day 2026 - Men,2,225,Australia U19 Men,229,India U19 Men,8822002,2026-09-18T10:36:18Z,1,21,False,22139,Shavin Vinodh,22144,Hayden Barbulovic,22143,Neel Patel,0,0,0,0,0,Over,Null,NotReferred,Null,False,False,False,False,False,True,False,False,True,False,False,False,0,0,0,0,0,False,False,,,,,
1649405,4,9.0,12,0,0,36,0,12,76563,,40404,India v Australia U19 1-day 2026 - Men,2,225,Australia U19 Men,229,India U19 Men,8822001,2026-09-18T10:36:21Z,2,22,False,22139,Shavin Vinodh,22144,Hayden Barbulovic,22143,Neel Patel,0,0,0,0,0,Over,Null,NotReferred,Null,False,False,False,False,False,True,False,False,True,False,False,False,0,0,0,0,0,False,False,,,,,
1649405,4,9.0,12,0,0,36,0,12,76563,,40404,India v Australia U19 1-day 2026 - Men,2,225,Australia U19 Men,229,India U19 Men,8822003,2026-09-18T10:36:24Z,3,23,False,22139,Shavin Vinodh,22144,Hayden Barbulovic,22143,Neel Patel,1,0,1,1,0,Over,Null,NotReferred,Null,False,False,False,False,False,True,False,False,True,False,False,False,1,0,0,0,0,False,False,,,,,
1649405,4,9.0,12,0,0,36,0,12,76563,,40404,India v Australia U19 1-day 2026 - Men,2,225,Australia U19 Men,229,India U19 Men,8822015,2026-09-18T10:37:32Z,4,24,False,22139,Shavin Vinodh,22143,Neel Patel,22144,Hayden Barbulovic,1,0,1,1,0,Over,Null,NotReferred,Null,False,False,False,False,False,True,False,False,True,False,False,False,1,0,0,0,0,False,False,,,,,
1649405,4,9.0,12,0,0,36,0,12,76563,,40404,India v Australia U19 1-day 2026 - Men,2,225,Australia U19 Men,229,India U19 Men,8822014,2026-09-18T10:37:36Z,5,25,False,22139,Shavin Vinodh,22144,Hayden Barbulovic,22143,Neel Patel,6,0,6,6,0,Over,Null,NotReferred,Null,False,False,False,False,False,True,False,False,True,False,False,False,6,0,0,0,0,True,False,,,,,
1649405,4,9.0,12,0,0,36,0,12,76563,,40404,India v Australia U19 1-day 2026 - Men,2,225,Australia U19 Men,229,India U19 Men,8822031,2026-09-18T10:38:46Z,6,26,False,22139,Shavin Vinodh,22144,Hayden Barbulovic,22143,Neel Patel,4,0,4,4,0,Over,Null,NotReferred,Null,False,False,False,False,False,True,False,False,True,False,False,False,4,0,0,0,0,True,False,,,,,
1649412,5,7.8,3,0,0,39,0,3,76563,,40404,India v Australia U19 1-day 2026 - Men,2,225,Australia U19 Men,229,India U19 Men,8822046,2026-09-18T10:39:56Z,1,27,False,22136,Manal Chauhan,22143,Neel Patel,22144,Hayden Barbulovic,1,0,1,1,0,Over,Null,NotReferred,Null,False,False,False,False,False,True,False,False,True,False,False,False,1,0,0,0,0,False,False,,,,,
1649412,5,7.8,3,0,0,39,0,3,76563,,40404,India v Australia U19 1-day 2026 - Men,2,225,Australia U19 Men,229,India U19 Men,8822047,2026-09-18T10:40:00Z,2,28,False,22136,Manal Chauhan,22144,Hayden Barbulovic,22143,Neel Patel,1,0,1,1,0,Over,Null,NotReferred,Null,False,False,False,False,False,True,False,False,True,False,False,False,1,0,0,0,0,False,False,,,,,
1649412,5,7.8,3,0,0,39,0,3,76563,,40404,India v Australia U19 1-day 2026 - Men,2,225,Australia U19 Men,229,India U19 Men,8822051,2026-09-18T10:40:10Z,3,29,False,22136,Manal Chauhan,22143,Neel Patel,22144,Hayden Barbulovic,0,0,0,0,0,Over,Null,NotReferred,Null,False,False,False,False,False,True,False,False,True,False,False,False,0,0,0,0,0,False,False,,,,,
1649412,5,7.8,3,0,0,39,0,3,76563,,40404,India v Australia U19 1-day 2026 - Men,2,225,Australia U19 Men,229,India U19 Men,8822053,2026-09-18T10:40:20Z,4,30,False,22136,Manal Chauhan,22143,Neel Patel,22144,Hayden Barbulovic,1,0,1,1,0,Over,Null,NotReferred,Null,False,False,False,False,False,True,False,False,True,False,False,False,1,0,0,0,0,False,False,,,,,
1649412,5,7.8,3,0,0,39,0,3,76563,,40404,India v Australia U19 1-day 2026 - Men,2,225,Australia U19 Men,229,India U19 Men,8822074,2026-09-18T10:42:21Z,5,31,False,22136,Manal Chauhan,22144,Hayden Barbulovic,22143,Neel Patel,0,0,0,0,0,Over,Null,NotReferred,Null,False,False,False,False,False,True,False,False,True,False,False,False,0,0,0,0,0,False,False,,,,,
1649412,5,7.8,3,0,0,39,0,3,76563,,40404,India v Australia U19 1-day 2026 - Men,2,225,Australia U19 Men,229,India U19 Men,8822075,2026-09-18T10:42:24Z,6,32,False,22136,Manal Chauhan,22144,Hayden Barbulovic,22143,Neel Patel,0,0,0,0,0,Over,Null,NotReferred,Null,False,False,False,False,False,True,False,False,True,False,False,False,0,0,0,0,0,False,False,,,,,
1649418,6,9.17,16,0,0,55,0,16,76563,,40404,India v Australia U19 1-day 2026 - Men,2,225,Australia U19 Men,229,India U19 Men,8822076,2026-09-18T10:42:27Z,1,33,False,22139,Shavin Vinodh,22143,Neel Patel,22144,Hayden Barbulovic,2,0,2,2,0,Over,Null,NotReferred,Null,False,False,False,False,False,True,False,False,True,False,False,False,2,0,0,0,0,False,False,,,,,
1649418,6,9.17,16,0,0,55,0,16,76563,,40404,India v Australia U19 1-day 2026 - Men,2,225,Australia U19 Men,229,India U19 Men,8822102,2026-09-18T10:44:42Z,2,34,False,22139,Shavin Vinodh,22143,Neel Patel,22144,Hayden Barbulovic,1,1,1,0,0,Over,Null,NotReferred,Null,True,False,False,False,False,True,False,False,True,False,False,False,1,0,1,0,0,False,False,,,,,
1649418,6,9.17,16,0,0,55,0,16,76563,,40404,India v Australia U19 1-day 2026 - Men,2,225,Australia U19 Men,229,India U19 Men,8822103,2026-09-18T10:44:45Z,2,35,False,22139,Shavin Vinodh,22143,Neel Patel,22144,Hayden Barbulovic,4,0,4,4,0,Over,Null,NotReferred,Null,False,False,False,False,False,True,False,False,True,False,False,False,4,0,0,0,0,True,False,,,,,
1649418,6,9.17,16,0,0,55,0,16,76563,,40404,India v Australia U19 1-day 2026 - Men,2,225,Australia U19 Men,229,India U19 Men,8822105,2026-09-18T10:44:48Z,3,36,False,22139,Shavin Vinodh,22143,Neel Patel,22144,Hayden Barbulovic,1,0,1,1,0,Over,Null,NotReferred,Null,False,False,False,False,False,True,False,False,True,False,False,False,1,0,0,0,0,False,False,,,,,
1649418,6,9.17,16,0,0,55,0,16,76563,,40404,India v Australia U19 1-day 2026 - Men,2,225,Australia U19 Men,229,India U19 Men,8822108,2026-09-18T10:44:54Z,4,37,False,22139,Shavin Vinodh,22144,Hayden Barbulovic,22143,Neel Patel,6,0,6,6,0,Over,Null,NotReferred,Null,False,False,False,False,False,True,False,False,True,False,False,False,6,0,0,0,0,True,False,,,,,
1649418,6,9.17,16,0,0,55,0,16,76563,,40404,India v Australia U19 1-day 2026 - Men,2,225,Australia U19 Men,229,India U19 Men,8822117,2026-09-18T10:45:55Z,5,38,False,22139,Shavin Vinodh,22144,Hayden Barbulovic,22143,Neel Patel,1,0,1,1,0,Over,Null,NotReferred,Null,False,False,False,False,False,True,False,False,True,False,False,False,1,0,0,0,0,False,False,,,,,
1649418,6,9.17,16,0,0,55,0,16,76563,,40404,India v Australia U19 1-day 2026 - Men,2,225,Australia U19 Men,229,India U19 Men,8822128,2026-09-18T10:47:04Z,6,39,False,22139,Shavin Vinodh,22143,Neel Patel,22144,Hayden Barbulovic,1,0,1,1,0,Over,Null,NotReferred,Null,False,False,False,False,False,True,False,False,True,False,False,False,1,0,0,0,0,False,False,,,,,
1649430,7,8.43,4,1,0,59,1,4,76563,,40404,India v Australia U19 1-day 2026 - Men,2,225,Australia U19 Men,229,India U19 Men,8822139,2026-09-18T10:47:51Z,1,40,False,22134,Yashbardhan Chauhan,22143,Neel Patel,22144,Hayden Barbulovic,1,0,1,1,0,Over,Null,NotReferred,Null,False,False,False,False,False,True,False,False,True,False,False,False,1,0,0,0,0,False,False,,,,,
1649430,7,8.43,4,1,0,59,1,4,76563,,40404,India v Australia U19 1-day 2026 - Men,2,225,Australia U19 Men,229,India U19 Men,8822160,2026-09-18T10:49:53Z,2,41,False,22134,Yashbardhan Chauhan,22144,Hayden Barbulovic,22143,Neel Patel,1,0,1,1,0,Over,Null,NotReferred,Null,False,False,False,False,False,True,False,False,True,False,False,False,1,0,0,0,0,False,False,,,,,
1649430,7,8.43,4,1,0,59,1,4,76563,,40404,India v Australia U19 1-day 2026 - Men,2,225,Australia U19 Men,229,India U19 Men,8822162,2026-09-18T10:49:56Z,3,42,False,22134,Yashbardhan Chauhan,22143,Neel Patel,22144,Hayden Barbulovic,1,0,1,1,0,Over,Null,NotReferred,Null,False,False,False,False,False,True,False,False,True,False,False,False,1,0,0,0,0,False,False,,,,,
1649430,7,8.43,4,1,0,59,1,4,76563,,40404,India v Australia U19 1-day 2026 - Men,2,225,Australia U19 Men,229,India U19 Men,8822165,2026-09-18T10:49:59Z,4,43,True,22134,Yashbardhan Chauhan,22144,Hayden Barbulovic,22143,Neel Patel,0,0,0,0,0,Over,Null,NotReferred,Null,False,False,False,False,False,True,False,False,True,False,False,False,0,0,0,0,0,False,False,Stumped,22144.0,Hayden Barbulovic,Stumped,Stumped
1649430,7,8.43,4,1,0,59,1,4,76563,,40404,India v Australia U19 1-day 2026 - Men,2,225,Australia U19 Men,229,India U19 Men,8822179,2026-09-18T10:51:09Z,5,44,False,22134,Yashbardhan Chauhan,17140,Zed Hollick,22143,Neel Patel,0,0,0,0,0,Over,Null,NotReferred,Null,False,False,False,False,False,True,False,False,True,False,False,False,0,0,0,0,0,False,False,,,,,
1649430,7,8.43,4,1,0,59,1,4,76563,,40404,India v Australia U19 1-day 2026 - Men,2,225,Australia U19 Men,229,India U19 Men,8822181,2026-09-18T10:51:12Z,6,45,False,22134,Yashbardhan Chauhan,17140,Zed Hollick,22143,Neel Patel,1,0,1,1,0,Over,Null,NotReferred,Null,False,False,False,False,False,True,False,False,True,False,False,False,1,0,0,0,0,False,False,,,,,
1649440,8,8.75,11,0,0,70,1,11,76563,,40404,India v Australia U19 1-day 2026 - Men,2,225,Australia U19 Men,229,India U19 Men,8822196,2026-09-18T10:52:51Z,1,46,False,22136,Manal Chauhan,17140,Zed Hollick,22143,Neel Patel,0,0,0,0,0,Over,Null,NotReferred,Null,False,False,False,False,False,True,False,False,True,False,False,False,0,0,0,0,0,False,False,,,,,
1649440,8,8.75,11,0,0,70,1,11,76563,,40404,India v Australia U19 1-day 2026 - Men,2,225,Australia U19 Men,229,India U19 Men,8822198,2026-09-18T10:52:54Z,2,47,False,22136,Manal Chauhan,17140,Zed Hollick,22143,Neel Patel,1,0,1,1,0,Over,Null,NotReferred,Null,False,False,False,False,False,True,False,False,True,False,False,False,1,0,0,0,0,False,False,,,,,
1649440,8,8.75,11,0,0,70,1,11,76563,,40404,India v Australia U19 1-day 2026 - Men,2,225,Australia U19 Men,229,India U19 Men,8822200,2026-09-18T10:52:57Z,3,48,False,22136,Manal Chauhan,22143,Neel Patel,17140,Zed Hollick,2,0,2,2,0,Over,Null,NotReferred,Null,False,False,False,False,False,True,False,False,True,False,False,False,2,0,0,0,0,False,False,,,,,
1649440,8,8.75,11,0,0,70,1,11,76563,,40404,India v Australia U19 1-day 2026 - Men,2,225,Australia U19 Men,229,India U19 Men,8822202,2026-09-18T10:53:00Z,4,49,False,22136,Manal Chauhan,22143,Neel Patel,17140,Zed Hollick,0,0,0,0,0,Over,Null,NotReferred,Null,False,False,False,False,False,True,False,False,True,False,False,False,0,0,0,0,0,False,False,,,,,
1649440,8,8.75,11,0,0,70,1,11,76563,,40404,India v Australia U19 1-day 2026 - Men,2,225,Australia U19 Men,229,India U19 Men,8822226,2026-09-18T10:55:17Z,5,50,False,22136,Manal Chauhan,22143,Neel Patel,17140,Zed Hollick,2,0,2,2,0,Over,Null,NotReferred,Null,False,False,False,False,False,True,False,False,True,False,False,False,2,0,0,0,0,False,False,,,,,
1649440,8,8.75,11,0,0,70,1,11,76563,,40404,India v Australia U19 1-day 2026 - Men,2,225,Australia U19 Men,229,India U19 Men,8822227,2026-09-18T10:55:20Z,6,51,False,22136,Manal Chauhan,22143,Neel Patel,17140,Zed Hollick,6,0,6,6,0,Over,Null,NotReferred,Null,False,False,False,False,False,True,False,False,True,False,False,False,6,0,0,0,0,True,False,,,,,
1649444,9,8.44,6,0,0,76,1,6,76563,,40404,India v Australia U19 1-day 2026 - Men,2,225,Australia U19 Men,229,India U19 Men,8822228,2026-09-18T10:55:23Z,1,52,False,22134,Yashbardhan Chauhan,17140,Zed Hollick,22143,Neel Patel,0,0,0,0,0,Over,Null,NotReferred,Null,False,False,False,False,False,True,False,False,True,False,False,False,0,0,0,0,0,False,False,,,,,
1649444,9,8.44,6,0,0,76,1,6,76563,,40404,India v Australia U19 1-day 2026 - Men,2,225,Australia U19 Men,229,India U19 Men,8822229,2026-09-18T10:55:26Z,2,53,False,22134,Yashbardhan Chauhan,17140,Zed Hollick,22143,Neel Patel,1,0,1,1,0,Over,Null,NotReferred,Null,False,False,False,False,False,True,False,False,True,False,False,False,1,0,0,0,0,False,False,,,,,
1649444,9,8.44,6,0,0,76,1,6,76563,,40404,India v Australia U19 1-day 2026 - Men,2,225,Australia U19 Men,229,India U19 Men,8822230,2026-09-18T10:55:29Z,3,54,False,22134,Yashbardhan Chauhan,22143,Neel Patel,17140,Zed Hollick,0,0,0,0,0,Over,Null,NotReferred,Null,False,False,False,False,False,True,False,False,True,False,False,False,0,0,0,0,0,False,False,,,,,
1649444,9,8.44,6,0,0,76,1,6,76563,,40404,India v Australia U19 1-day 2026 - Men,2,225,Australia U19 Men,229,India U19 Men,8822241,2026-09-18T10:56:48Z,4,55,False,22134,Yashbardhan Chauhan,22143,Neel Patel,17140,Zed Hollick,4,0,4,4,0,Over,Null,NotReferred,Null,False,False,False,False,False,True,False,False,True,False,False,False,4,0,0,0,0,True,False,,,,,
1649444,9,8.44,6,0,0,76,1,6,76563,,40404,India v Australia U19 1-day 2026 - Men,2,225,Australia U19 Men,229,India U19 Men,8822247,2026-09-18T10:56:52Z,5,56,False,22134,Yashbardhan Chauhan,22143,Neel Patel,17140,Zed Hollick,1,0,1,1,0,Over,Null,NotReferred,Null,False,False,False,False,False,True,False,False,True,False,False,False,1,0,0,0,0,False,False,,,,,
1649444,9,8.44,6,0,0,76,1,6,76563,,40404,India v Australia U19 1-day 2026 - Men,2,225,Australia U19 Men,229,India U19 Men,8822246,2026-09-18T10:56:55Z,6,57,False,22134,Yashbardhan Chauhan,17140,Zed Hollick,22143,Neel Patel,0,0,0,0,0,Over,Null,NotReferred,Null,False,False,False,False,False,True,False,False,True,False,False,False,0,0,0,0,0,False,False,,,,,
1649452,10,8.8,12,0,0,88,1,12,76563,,40404,India v Australia U19 1-day 2026 - Men,2,225,Australia U19 Men,229,India U19 Men,8822269,2026-09-18T10:59:11Z,1,58,False,22137,V Yashveer,22143,Neel Patel,17140,Zed Hollick,1,0,1,1,0,Over,Null,NotReferred,Null,False,False,False,False,False,True,False,False,True,False,False,False,1,0,0,0,0,False,False,,,,,
1649452,10,8.8,12,0,0,88,1,12,76563,,40404,India v Australia U19 1-day 2026 - Men,2,225,Australia U19 Men,229,India U19 Men,8822270,2026-09-18T10:59:14Z,2,59,False,22137,V Yashveer,17140,Zed Hollick,22143,Neel Patel,1,0,1,1,0,Over,Null,NotReferred,Null,False,False,False,False,False,True,False,False,True,False,False,False,1,0,0,0,0,False,False,,,,,
1649452,10,8.8,12,0,0,88,1,12,76563,,40404,India v Australia U19 1-day 2026 - Men,2,225,Australia U19 Men,229,India U19 Men,8822271,2026-09-18T10:59:17Z,3,60,False,22137,V Yashveer,22143,Neel Patel,17140,Zed Hollick,0,0,0,0,0,Over,Null,NotReferred,Null,False,False,False,False,False,True,False,False,True,False,False,False,0,0,0,0,0,False,False,,,,,
1649452,10,8.8,12,0,0,88,1,12,76563,,40404,India v Australia U19 1-day 2026 - Men,2,225,Australia U19 Men,229,India U19 Men,8822272,2026-09-18T10:59:20Z,4,61,False,22137,V Yashveer,22143,Neel Patel,17140,Zed Hollick,4,0,4,4,0,Over,Null,NotReferred,Null,False,False,False,False,False,True,False,False,True,False,False,False,4,0,0,0,0,True,False,,,,,
1649452,10,8.8,12,0,0,88,1,12,76563,,40404,India v Australia U19 1-day 2026 - Men,2,225,Australia U19 Men,229,India U19 Men,8822274,2026-09-18T10:59:30Z,5,62,False,22137,V Yashveer,22143,Neel Patel,17140,Zed Hollick,6,0,6,6,0,Over,Null,NotReferred,Null,False,False,False,False,False,True,False,False,True,False,False,False,6,0,0,0,0,True,False,,,,,
1649452,10,8.8,12,0,0,88,1,12,76563,,40404,India v Australia U19 1-day 2026 - Men,2,225,Australia U19 Men,229,India U19 Men,8822288,2026-09-18T11:00:38Z,6,63,False,22137,V Yashveer,22143,Neel Patel,17140,Zed Hollick,0,0,0,0,0,Over,Null,NotReferred,Null,False,False,False,False,False,True,False,False,True,False,False,False,0,0,0,0,0,False,False,,,,,
1649454,11,8.64,7,1,0,95,2,7,76563,,40404,India v Australia U19 1-day 2026 - Men,2,225,Australia U19 Men,229,India U19 Men,8822287,2026-09-18T11:00:41Z,1,64,False,22134,Yashbardhan Chauhan,17140,Zed Hollick,22143,Neel Patel,1,0,1,1,0,Over,Null,NotReferred,Null,False,False,False,False,False,True,False,False,True,False,False,False,1,0,0,0,0,False,False,,,,,
1649454,11,8.64,7,1,0,95,2,7,76563,,40404,India v Australia U19 1-day 2026 - Men,2,225,Australia U19 Men,229,India U19 Men,8822299,2026-09-18T11:01:46Z,2,65,False,22134,Yashbardhan Chauhan,22143,Neel Patel,17140,Zed Hollick,4,0,4,4,0,Over,Null,NotReferred,Null,False,False,False,False,False,True,False,False,True,False,False,False,4,0,0,0,0,True,False,,,,,
1649454,11,8.64,7,1,0,95,2,7,76563,,40404,India v Australia U19 1-day 2026 - Men,2,225,Australia U19 Men,229,India U19 Men,8822301,2026-09-18T11:01:49Z,3,66,False,22134,Yashbardhan Chauhan,22143,Neel Patel,17140,Zed Hollick,0,0,0,0,0,Over,Null,NotReferred,Null,False,False,False,False,False,True,False,False,True,False,False,False,0,0,0,0,0,False,False,,,,,
1649454,11,8.64,7,1,0,95,2,7,76563,,40404,India v Australia U19 1-day 2026 - Men,2,225,Australia U19 Men,229,India U19 Men,8822310,2026-09-18T11:02:48Z,4,67,True,22134,Yashbardhan Chauhan,22143,Neel Patel,17140,Zed Hollick,0,0,0,0,0,Over,Null,NotReferred,Null,False,False,False,False,False,True,False,False,True,False,False,False,0,0,0,0,0,False,False,Caught,22143.0,Neel Patel,Caught,Caught
1649454,11,8.64,7,1,0,95,2,7,76563,,40404,India v Australia U19 1-day 2026 - Men,2,225,Australia U19 Men,229,India U19 Men,8822322,2026-09-18T11:04:01Z,5,68,False,22134,Yashbardhan Chauhan,22141,Jack Czosnek,17140,Zed Hollick,1,0,1,1,0,Over,Null,NotReferred,Null,False,False,False,False,False,True,False,False,True,False,False,False,1,0,0,0,0,False,False,,,,,
1649454,11,8.64,7,1,0,95,2,7,76563,,40404,India v Australia U19 1-day 2026 - Men,2,225,Australia U19 Men,229,India U19 Men,8822324,2026-09-18T11:04:04Z,6,69,False,22134,Yashbardhan Chauhan,17140,Zed Hollick,22141,Jack Czosnek,1,0,1,1,0,Over,Null,NotReferred,Null,False,False,False,False,False,True,False,False,True,False,False,False,1,0,0,0,0,False,False,,,,,
1649464,12,8.67,9,0,0,104,2,9,76563,,40404,India v Australia U19 1-day 2026 - Men,2,225,Australia U19 Men,229,India U19 Men,8822343,2026-09-18T11:06:03Z,1,70,False,22138,Chigurupati Venkata,17140,Zed Hollick,22141,Jack Czosnek,0,0,0,0,0,Over,Null,NotReferred,Null,False,False,False,False,False,True,False,False,True,False,False,False,0,0,0,0,0,False,False,,,,,
1649464,12,8.67,9,0,0,104,2,9,76563,,40404,India v Australia U19 1-day 2026 - Men,2,225,Australia U19 Men,229,India U19 Men,8822344,2026-09-18T11:06:06Z,2,71,False,22138,Chigurupati Venkata,17140,Zed Hollick,22141,Jack Czosnek,1,0,1,1,0,Over,Null,NotReferred,Null,False,False,False,False,False,True,False,False,True,False,False,False,1,0,0,0,0,False,False,,,,,
1649464,12,8.67,9,0,0,104,2,9,76563,,40404,India v Australia U19 1-day 2026 - Men,2,225,Australia U19 Men,229,India U19 Men,8822357,2026-09-18T11:07:14Z,3,72,False,22138,Chigurupati Venkata,22141,Jack Czosnek,17140,Zed Hollick,1,0,1,1,0,Over,Null,NotReferred,Null,False,False,False,False,False,True,False,False,True,False,False,False,1,0,0,0,0,False,False,,,,,
1649464,12,8.67,9,0,0,104,2,9,76563,,40404,India v Australia U19 1-day 2026 - Men,2,225,Australia U19 Men,229,India U19 Men,8822360,2026-09-18T11:07:17Z,4,73,False,22138,Chigurupati Venkata,17140,Zed Hollick,22141,Jack Czosnek,0,0,0,0,0,Over,Null,NotReferred,Null,False,False,False,False,False,True,False,False,True,False,False,False,0,0,0,0,0,False,False,,,,,
1649464,12,8.67,9,0,0,104,2,9,76563,,40404,India v Australia U19 1-day 2026 - Men,2,225,Australia U19 Men,229,India U19 Men,8822381,2026-09-18T11:09:31Z,5,74,False,22138,Chigurupati Venkata,17140,Zed Hollick,22141,Jack Czosnek,1,0,1,1,0,Over,Null,NotReferred,Null,False,False,False,False,False,True,False,False,True,False,False,False,1,0,0,0,0,False,False,,,,,
1649464,12,8.67,9,0,0,104,2,9,76563,,40404,India v Australia U19 1-day 2026 - Men,2,225,Australia U19 Men,229,India U19 Men,8822383,2026-09-18T11:09:34Z,6,75,False,22138,Chigurupati Venkata,22141,Jack Czosnek,17140,Zed Hollick,6,0,6,6,0,Over,Null,NotReferred,Null,False,False,False,False,False,True,False,False,True,False,False,False,6,0,0,0,0,True,False,,,,,
1649470,13,8.85,11,0,0,115,2,11,76563,,40404,India v Australia U19 1-day 2026 - Men,2,225,Australia U19 Men,229,India U19 Men,8822384,2026-09-18T11:09:37Z,1,76,False,22134,Yashbardhan Chauhan,17140,Zed Hollick,22141,Jack Czosnek,1,0,1,1,0,Over,Null,NotReferred,Null,False,False,False,False,False,True,False,False,True,False,False,False,1,0,0,0,0,False,False,,,,,
1649470,13,8.85,11,0,0,115,2,11,76563,,40404,India v Australia U19 1-day 2026 - Men,2,225,Australia U19 Men,229,India U19 Men,8822385,2026-09-18T11:09:41Z,2,77,False,22134,Yashbardhan Chauhan,22141,Jack Czosnek,17140,Zed Hollick,0,0,0,0,0,Over,Null,NotReferred,Null,False,False,False,False,False,True,False,False,True,False,False,False,0,0,0,0,0,False,False,,,,,
1649470,13,8.85,11,0,0,115,2,11,76563,,40404,India v Australia U19 1-day 2026 - Men,2,225,Australia U19 Men,229,India U19 Men,8822389,2026-09-18T11:09:47Z,3,78,False,22134,Yashbardhan Chauhan,22141,Jack Czosnek,17140,Zed Hollick,2,0,2,2,0,Over,Null,NotReferred,Null,False,False,False,False,False,True,False,False,True,False,False,False,2,0,0,0,0,False,False,,,,,
1649470,13,8.85,11,0,0,115,2,11,76563,,40404,India v Australia U19 1-day 2026 - Men,2,225,Australia U19 Men,229,India U19 Men,8822407,2026-09-18T11:11:50Z,4,79,False,22134,Yashbardhan Chauhan,22141,Jack Czosnek,17140,Zed Hollick,0,0,0,0,0,Over,Null,NotReferred,Null,False,False,False,False,False,True,False,False,True,False,False,False,0,0,0,0,0,False,False,,,,,
1649470,13,8.85,11,0,0,115,2,11,76563,,40404,India v Australia U19 1-day 2026 - Men,2,225,Australia U19 Men,229,India U19 Men,8822408,2026-09-18T11:11:53Z,5,80,False,22134,Yashbardhan Chauhan,22141,Jack Czosnek,17140,Zed Hollick,6,0,6,6,0,Over,Null,NotReferred,Null,False,False,False,False,False,True,False,False,True,False,False,False,6,0,0,0,0,True,False,,,,,
1649470,13,8.85,11,0,0,115,2,11,76563,,40404,India v Australia U19 1-day 2026 - Men,2,225,Australia U19 Men,229,India U19 Men,8822412,2026-09-18T11:11:56Z,6,81,False,22134,Yashbardhan Chauhan,22141,Jack Czosnek,17140,Zed Hollick,2,0,2,2,0,Over,Null,NotReferred,Null,False,False,False,False,False,True,False,False,True,False,False,False,2,0,0,0,0,False,False,,,,,
1649477,14,8.5,4,0,0,119,2,4,76563,,40404,India v Australia U19 1-day 2026 - Men,2,225,Australia U19 Men,229,India U19 Men,8822421,2026-09-18T11:12:59Z,1,82,False,22136,Manal Chauhan,17140,Zed Hollick,22141,Jack Czosnek,0,0,0,0,0,Over,Null,NotReferred,Null,False,False,False,False,False,True,False,False,True,False,False,False,0,0,0,0,0,False,False,,,,,
1649477,14,8.5,4,0,0,119,2,4,76563,,40404,India v Australia U19 1-day 2026 - Men,2,225,Australia U19 Men,229,India U19 Men,8822422,2026-09-18T11:13:02Z,2,83,False,22136,Manal Chauhan,17140,Zed Hollick,22141,Jack Czosnek,0,0,0,0,0,Over,Null,NotReferred,Null,False,False,False,False,False,True,False,False,True,False,False,False,0,0,0,0,0,False,False,,,,,
1649477,14,8.5,4,0,0,119,2,4,76563,,40404,India v Australia U19 1-day 2026 - Men,2,225,Australia U19 Men,229,India U19 Men,8822423,2026-09-18T11:13:05Z,3,84,False,22136,Manal Chauhan,17140,Zed Hollick,22141,Jack Czosnek,0,0,0,0,0,Over,Null,NotReferred,Null,False,False,False,False,False,True,False,False,True,False,False,False,0,0,0,0,0,False,False,,,,,
1649477,14,8.5,4,0,0,119,2,4,76563,,40404,India v Australia U19 1-day 2026 - Men,2,225,Australia U19 Men,229,India U19 Men,8822435,2026-09-18T11:14:14Z,4,85,False,22136,Manal Chauhan,17140,Zed Hollick,22141,Jack Czosnek,0,0,0,0,0,Over,Null,NotReferred,Null,False,False,False,False,False,True,False,False,True,False,False,False,0,0,0,0,0,False,False,,,,,
1649477,14,8.5,4,0,0,119,2,4,76563,,40404,India v Australia U19 1-day 2026 - Men,2,225,Australia U19 Men,229,India U19 Men,8822436,2026-09-18T11:14:17Z,5,86,False,22136,Manal Chauhan,17140,Zed Hollick,22141,Jack Czosnek,0,0,0,0,0,Over,Null,NotReferred,Null,False,False,False,False,False,True,False,False,True,False,False,False,0,0,0,0,0,False,False,,,,,
1649477,14,8.5,4,0,0,119,2,4,76563,,40404,India v Australia U19 1-day 2026 - Men,2,225,Australia U19 Men,229,India U19 Men,8822438,2026-09-18T11:14:20Z,6,87,False,22136,Manal Chauhan,17140,Zed Hollick,22141,Jack Czosnek,4,0,4,4,0,Over,Null,NotReferred,Null,False,False,False,False,False,True,False,False,True,False,False,False,4,0,0,0,0,True,False,,,,,
1649483,15,8.87,14,0,0,133,2,14,76563,,40404,India v Australia U19 1-day 2026 - Men,2,225,Australia U19 Men,229,India U19 Men,8822452,2026-09-18T11:15:31Z,1,88,False,22139,Shavin Vinodh,22141,Jack Czosnek,17140,Zed Hollick,1,1,1,0,0,Over,Null,NotReferred,Null,True,False,False,False,False,True,False,False,True,False,False,False,1,0,1,0,0,False,False,,,,,
1649483,15,8.87,14,0,0,133,2,14,76563,,40404,India v Australia U19 1-day 2026 - Men,2,225,Australia U19 Men,229,India U19 Men,8822453,2026-09-18T11:15:34Z,1,89,False,22139,Shavin Vinodh,22141,Jack Czosnek,17140,Zed Hollick,2,0,2,2,0,Over,Null,NotReferred,Null,False,False,False,False,False,True,False,False,True,False,False,False,2,0,0,0,0,False,False,,,,,
1649483,15,8.87,14,0,0,133,2,14,76563,,40404,India v Australia U19 1-day 2026 - Men,2,225,Australia U19 Men,229,India U19 Men,8822494,2026-09-18T11:19:40Z,2,90,False,22139,Shavin Vinodh,22141,Jack Czosnek,17140,Zed Hollick,0,0,0,0,0,Over,Null,NotReferred,Null,False,False,False,False,False,True,False,False,True,False,False,False,0,0,0,0,0,False,False,,,,,
1649483,15,8.87,14,0,0,133,2,14,76563,,40404,India v Australia U19 1-day 2026 - Men,2,225,Australia U19 Men,229,India U19 Men,8822496,2026-09-18T11:19:43Z,3,91,False,22139,Shavin Vinodh,22141,Jack Czosnek,17140,Zed Hollick,4,0,4,4,0,Over,Null,NotReferred,Null,False,False,False,False,False,True,False,False,True,False,False,False,4,0,0,0,0,True,False,,,,,
1649483,15,8.87,14,0,0,133,2,14,76563,,40404,India v Australia U19 1-day 2026 - Men,2,225,Australia U19 Men,229,India U19 Men,8822498,2026-09-18T11:19:46Z,4,92,False,22139,Shavin Vinodh,22141,Jack Czosnek,17140,Zed Hollick,2,0,2,2,0,Over,Null,NotReferred,Null,False,False,False,False,False,True,False,False,True,False,False,False,2,0,0,0,0,False,False,,,,,
1649483,15,8.87,14,0,0,133,2,14,76563,,40404,India v Australia U19 1-day 2026 - Men,2,225,Australia U19 Men,229,India U19 Men,8822499,2026-09-18T11:19:49Z,5,93,False,22139,Shavin Vinodh,22141,Jack Czosnek,17140,Zed Hollick,4,0,4,4,0,Over,Null,NotReferred,Null,False,False,False,False,False,True,False,False,True,False,False,False,4,0,0,0,0,True,False,,,,,
1649483,15,8.87,14,0,0,133,2,14,76563,,40404,India v Australia U19 1-day 2026 - Men,2,225,Australia U19 Men,229,India U19 Men,8822509,2026-09-18T11:20:56Z,6,94,False,22139,Shavin Vinodh,22141,Jack Czosnek,17140,Zed Hollick,1,0,1,1,0,Over,Null,NotReferred,Null,False,False,False,False,False,True,False,False,True,False,False,False,1,0,0,0,0,False,False,,,,,
1649495,16,8.69,6,0,0,139,2,6,76563,,40404,India v Australia U19 1-day 2026 - Men,2,225,Australia U19 Men,229,India U19 Men,8822523,2026-09-18T11:22:03Z,1,95,False,22136,Manal Chauhan,22141,Jack Czosnek,17140,Zed Hollick,4,0,4,4,0,Over,Null,NotReferred,Null,False,False,False,False,False,True,False,False,True,False,False,False,4,0,0,0,0,True,False,,,,,
1649495,16,8.69,6,0,0,139,2,6,76563,,40404,India v Australia U19 1-day 2026 - Men,2,225,Australia U19 Men,229,India U19 Men,8822525,2026-09-18T11:22:06Z,2,96,False,22136,Manal Chauhan,22141,Jack Czosnek,17140,Zed Hollick,0,0,0,0,0,Over,Null,NotReferred,Null,False,False,False,False,False,True,False,False,True,False,False,False,0,0,0,0,0,False,False,,,,,
1649495,16,8.69,6,0,0,139,2,6,76563,,40404,India v Australia U19 1-day 2026 - Men,2,225,Australia U19 Men,229,India U19 Men,8822544,2026-09-18T11:24:13Z,3,97,False,22136,Manal Chauhan,22141,Jack Czosnek,17140,Zed Hollick,1,0,1,1,0,Over,Null,NotReferred,Null,False,False,False,False,False,True,False,False,True,False,False,False,1,0,0,0,0,False,False,,,,,
1649495,16,8.69,6,0,0,139,2,6,76563,,40404,India v Australia U19 1-day 2026 - Men,2,225,Australia U19 Men,229,India U19 Men,8822545,2026-09-18T11:24:16Z,4,98,False,22136,Manal Chauhan,17140,Zed Hollick,22141,Jack Czosnek,1,0,1,1,0,Over,Null,NotReferred,Null,False,False,False,False,False,True,False,False,True,False,False,False,1,0,0,0,0,False,False,,,,,
1649495,16,8.69,6,0,0,139,2,6,76563,,40404,India v Australia U19 1-day 2026 - Men,2,225,Australia U19 Men,229,India U19 Men,8822547,2026-09-18T11:24:19Z,5,99,False,22136,Manal Chauhan,22141,Jack Czosnek,17140,Zed Hollick,0,0,0,0,0,Over,Null,NotReferred,Null,False,False,False,False,False,True,False,False,True,False,False,False,0,0,0,0,0,False,False,,,,,
1649495,16,8.69,6,0,0,139,2,6,76563,,40404,India v Australia U19 1-day 2026 - Men,2,225,Australia U19 Men,229,India U19 Men,8822548,2026-09-18T11:24:23Z,6,100,False,22136,Manal Chauhan,22141,Jack Czosnek,17140,Zed Hollick,0,0,0,0,0,Over,Null,NotReferred,Null,False,False,False,False,False,True,False,False,True,False,False,False,0,0,0,0,0,False,False,,,,,
1649502,17,8.82,11,1,0,150,3,11,76563,,40404,India v Australia U19 1-day 2026 - Men,2,225,Australia U19 Men,229,India U19 Men,8822574,2026-09-18T11:26:53Z,1,101,False,22133,Arjun Rajput,17140,Zed Hollick,22141,Jack Czosnek,2,0,2,2,0,Over,Null,NotReferred,Null,False,False,False,False,False,True,False,False,True,False,False,False,2,0,0,0,0,False,False,,,,,
1649502,17,8.82,11,1,0,150,3,11,76563,,40404,India v Australia U19 1-day 2026 - Men,2,225,Australia U19 Men,229,India U19 Men,8822576,2026-09-18T11:26:56Z,2,102,False,22133,Arjun Rajput,17140,Zed Hollick,22141,Jack Czosnek,6,0,6,6,0,Over,Null,NotReferred,Null,False,False,False,False,False,True,False,False,True,False,False,False,6,0,0,0,0,True,False,,,,,
1649502,17,8.82,11,1,0,150,3,11,76563,,40404,India v Australia U19 1-day 2026 - Men,2,225,Australia U19 Men,229,India U19 Men,8822579,2026-09-18T11:26:59Z,3,103,False,22133,Arjun Rajput,17140,Zed Hollick,22141,Jack Czosnek,2,0,2,2,0,Over,Null,NotReferred,Null,False,False,False,False,False,True,False,False,True,False,False,False,2,0,0,0,0,False,False,,,,,
1649502,17,8.82,11,1,0,150,3,11,76563,,40404,India v Australia U19 1-day 2026 - Men,2,225,Australia U19 Men,229,India U19 Men,8822581,2026-09-18T11:27:03Z,4,104,False,22133,Arjun Rajput,17140,Zed Hollick,22141,Jack Czosnek,0,0,0,0,0,Over,Null,NotReferred,Null,False,False,False,False,False,True,False,False,True,False,False,False,0,0,0,0,0,False,False,,,,,
1649502,17,8.82,11,1,0,150,3,11,76563,,40404,India v Australia U19 1-day 2026 - Men,2,225,Australia U19 Men,229,India U19 Men,8822589,2026-09-18T11:27:59Z,5,105,True,22133,Arjun Rajput,17140,Zed Hollick,22141,Jack Czosnek,0,0,0,0,0,Over,Null,NotReferred,Null,False,False,False,False,False,True,False,False,True,False,False,False,0,0,0,0,0,False,False,Caught,17140.0,Zed Hollick,Caught,Caught
1649502,17,8.82,11,1,0,150,3,11,76563,,40404,India v Australia U19 1-day 2026 - Men,2,225,Australia U19 Men,229,India U19 Men,8822599,2026-09-18T11:29:05Z,6,106,False,22133,Arjun Rajput,22145,Eli Brain,22141,Jack Czosnek,1,0,1,1,0,Over,Null,NotReferred,Null,False,False,False,False,False,True,False,False,True,False,False,False,1,0,0,0,0,False,False,,,,,
1649510,18,8.83,9,1,0,159,4,9,76563,,40404,India v Australia U19 1-day 2026 - Men,2,225,Australia U19 Men,229,India U19 Men,8822616,2026-09-18T11:31:38Z,1,107,True,22140,Mohit Ulva,22145,Eli Brain,22141,Jack Czosnek,1,0,1,1,0,Over,Null,NotReferred,Null,False,False,False,False,False,True,False,False,True,False,False,False,1,0,0,0,0,False,False,RunOut,22145.0,Eli Brain,Run out,RunOut
1649510,18,8.83,9,1,0,159,4,9,76563,,40404,India v Australia U19 1-day 2026 - Men,2,225,Australia U19 Men,229,India U19 Men,8822622,2026-09-18T11:33:17Z,2,108,False,22140,Mohit Ulva,22146,Blake Cattle,22141,Jack Czosnek,1,0,1,1,0,Over,Null,NotReferred,Null,False,False,False,False,False,True,False,False,True,False,False,False,1,0,0,0,0,False,False,,,,,
1649510,18,8.83,9,1,0,159,4,9,76563,,40404,India v Australia U19 1-day 2026 - Men,2,225,Australia U19 Men,229,India U19 Men,8822623,2026-09-18T11:33:20Z,3,109,False,22140,Mohit Ulva,22141,Jack Czosnek,22146,Blake Cattle,0,0,0,0,0,Over,Null,NotReferred,Null,False,False,False,False,False,True,False,False,True,False,False,False,0,0,0,0,0,False,False,,,,,
1649510,18,8.83,9,1,0,159,4,9,76563,,40404,India v Australia U19 1-day 2026 - Men,2,225,Australia U19 Men,229,India U19 Men,8822625,2026-09-18T11:33:26Z,4,110,False,22140,Mohit Ulva,22141,Jack Czosnek,22146,Blake Cattle,6,0,6,6,0,Over,Null,NotReferred,Null,False,False,False,False,False,True,False,False,True,False,False,False,6,0,0,0,0,True,False,,,,,
1649510,18,8.83,9,1,0,159,4,9,76563,,40404,India v Australia U19 1-day 2026 - Men,2,225,Australia U19 Men,229,India U19 Men,8822627,2026-09-18T11:34:37Z,5,111,False,22140,Mohit Ulva,22141,Jack Czosnek,22146,Blake Cattle,1,0,1,1,0,Over,Null,NotReferred,Null,False,False,False,False,False,True,False,False,True,False,False,False,1,0,0,0,0,False,False,,,,,
1649510,18,8.83,9,1,0,159,4,9,76563,,40404,India v Australia U19 1-day 2026 - Men,2,225,Australia U19 Men,229,India U19 Men,8822629,2026-09-18T11:35:43Z,6,112,False,22140,Mohit Ulva,22146,Blake Cattle,22141,Jack Czosnek,0,0,0,0,0,Over,Null,NotReferred,Null,False,False,False,False,False,True,False,False,True,False,False,False,0,0,0,0,0,False,False,,,,,
1649512,19,9.05,13,1,0,172,5,13,76563,,40404,India v Australia U19 1-day 2026 - Men,2,225,Australia U19 Men,229,India U19 Men,8822631,2026-09-18T11:36:52Z,1,113,False,22138,Chigurupati Venkata,22141,Jack Czosnek,22146,Blake Cattle,0,0,0,0,0,Over,Null,NotReferred,Null,False,False,False,False,False,True,False,False,True,False,False,False,0,0,0,0,0,False,False,,,,,
1649512,19,9.05,13,1,0,172,5,13,76563,,40404,India v Australia U19 1-day 2026 - Men,2,225,Australia U19 Men,229,India U19 Men,8822632,2026-09-18T11:36:55Z,2,114,False,22138,Chigurupati Venkata,22141,Jack Czosnek,22146,Blake Cattle,4,0,4,4,0,Over,Null,NotReferred,Null,False,False,False,False,False,True,False,False,True,False,False,False,4,0,0,0,0,True,False,,,,,
1649512,19,9.05,13,1,0,172,5,13,76563,,40404,India v Australia U19 1-day 2026 - Men,2,225,Australia U19 Men,229,India U19 Men,8822635,2026-09-18T11:38:02Z,3,115,False,22138,Chigurupati Venkata,22141,Jack Czosnek,22146,Blake Cattle,4,0,4,4,0,Over,Null,NotReferred,Null,False,False,False,False,False,True,False,False,True,False,False,False,4,0,0,0,0,True,False,,,,,
1649512,19,9.05,13,1,0,172,5,13,76563,,40404,India v Australia U19 1-day 2026 - Men,2,225,Australia U19 Men,229,India U19 Men,8822638,2026-09-18T11:39:12Z,4,116,False,22138,Chigurupati Venkata,22141,Jack Czosnek,22146,Blake Cattle,4,0,4,4,0,Over,Null,NotReferred,Null,False,False,False,False,False,True,False,False,True,False,False,False,4,0,0,0,0,True,False,,,,,
1649512,19,9.05,13,1,0,172,5,13,76563,,40404,India v Australia U19 1-day 2026 - Men,2,225,Australia U19 Men,229,India U19 Men,8822641,2026-09-18T11:40:28Z,5,117,True,22138,Chigurupati Venkata,22141,Jack Czosnek,22146,Blake Cattle,0,0,0,0,0,Over,Null,NotReferred,Null,False,False,False,False,False,True,False,False,True,False,False,False,0,0,0,0,0,False,False,Caught,22141.0,Jack Czosnek,Caught,Caught
1649512,19,9.05,13,1,0,172,5,13,76563,,40404,India v Australia U19 1-day 2026 - Men,2,225,Australia U19 Men,229,India U19 Men,8822642,2026-09-18T11:40:32Z,6,118,False,22138,Chigurupati Venkata,22142,Charlie Henderson,22146,Blake Cattle,1,0,1,1,0,Over,Null,NotReferred,Null,False,False,False,False,False,True,False,False,True,False,False,False,1,0,0,0,0,False,False,,,,,
1649514,20,8.75,3,2,0,175,7,3,76563,,40404,India v Australia U19 1-day 2026 - Men,2,225,Australia U19 Men,229,India U19 Men,8822645,2026-09-18T11:41:34Z,1,119,False,22140,Mohit Ulva,22142,Charlie Henderson,22146,Blake Cattle,0,0,0,0,0,Over,Null,NotReferred,Null,False,False,False,False,False,True,False,False,True,False,False,False,0,0,0,0,0,False,False,,,,,
1649514,20,8.75,3,2,0,175,7,3,76563,,40404,India v Australia U19 1-day 2026 - Men,2,225,Australia U19 Men,229,India U19 Men,8822649,2026-09-18T11:44:12Z,2,120,False,22140,Mohit Ulva,22142,Charlie Henderson,22146,Blake Cattle,1,0,1,1,0,Over,Null,NotReferred,Null,False,False,False,False,False,True,False,False,True,False,False,False,1,0,0,0,0,False,False,,,,,
1649514,20,8.75,3,2,0,175,7,3,76563,,40404,India v Australia U19 1-day 2026 - Men,2,225,Australia U19 Men,229,India U19 Men,8822650,2026-09-18T11:44:15Z,3,121,False,22140,Mohit Ulva,22146,Blake Cattle,22142,Charlie Henderson,1,0,1,1,0,Over,Null,NotReferred,Null,False,False,False,False,False,True,False,False,True,False,False,False,1,0,0,0,0,False,False,,,,,
1649514,20,8.75,3,2,0,175,7,3,76563,,40404,India v Australia U19 1-day 2026 - Men,2,225,Australia U19 Men,229,India U19 Men,8822651,2026-09-18T11:44:18Z,4,122,False,22140,Mohit Ulva,22142,Charlie Henderson,22146,Blake Cattle,0,0,0,0,0,Over,Null,NotReferred,Null,False,False,False,False,False,True,False,False,True,False,False,False,0,0,0,0,0,False,False,,,,,
1649514,20,8.75,3,2,0,175,7,3,76563,,40404,India v Australia U19 1-day 2026 - Men,2,225,Australia U19 Men,229,India U19 Men,8822653,2026-09-18T11:45:29Z,5,123,True,22140,Mohit Ulva,22142,Charlie Henderson,22146,Blake Cattle,1,0,1,1,0,Over,Null,NotReferred,Null,False,False,False,False,False,True,False,False,True,False,False,False,1,0,0,0,0,False,False,RunOut,22142.0,Charlie Henderson,Run out,RunOut
1649514,20,8.75,3,2,0,175,7,3,76563,,40404,India v Australia U19 1-day 2026 - Men,2,225,Australia U19 Men,229,India U19 Men,8822655,2026-09-18T11:46:36Z,6,124,True,22140,Mohit Ulva,22146,Blake Cattle,16998,Kasey Barton,0,0,0,0,0,Over,Null,NotReferred,Null,False,False,False,False,False,True,False,False,True,False,False,False,0,0,0,0,0,False,False,Caught,22146.0,Blake Cattle,Caught,Caught
