over_id,over_overNumber,over_runrate,over_runsConceded,over_wickets,over_runsExtras,over_totalInningRuns,over_totalInningWickets,over_totalRuns,id,matchName,fixtureId,fixtureName,inningNumber,battingTeamId,battingTeamName,bowlingTeamId,bowlingTeamName,ball_id,ballDateTime,ballNumber,totalBallNumber,isWicket,dismissalTypeId,dismissalPlayerId,dismissalPlayerName,bowlerPlayerId,bowlerPlayerName,battingPlayerId,battingPlayerName,nonStrikeBattingPlayerId,nonStrikeBattingPlayerName,battingHandId,runsConceded,extras,runs,runsScored,dismissalType,lengthTypeId,lineTypeId,appealDismissalTypeId,battingConnectionId,battingFeetId,battingShotTypeId,bowlingDetailId,bowlingFromId,bowlingTypeId,bowlingHandId,outcomeId,referralOutcomeId,noBallReasonId,isWide,isNoBall,isByes,isLegByes,isAirControlled,isAppeal,decisionOfficialId,isFreeHit,isNewBall,isPowerPlay,isBattingPowerPlay,isFloodLit,isReferred,teamRuns,runsByes,runsWide,runsLegByes,noBallsCount,isBoundry,isAirNotControlled,shotAngle,shotMagnitude,fieldingPosition
1628464,2,8.0,10,0,0,16,0,10,76049,,39790,The Hundred 2026 – Men,1,931,Trent Rockets Men,1447,Manchester Super Giants Men,8695745,2026-08-16T17:04:22Z,1,7,False,,,,13841,Josh Tongue,3149,Finn Allen,67,Ben Duckett,Right,1,1,1,0,,LengthBall,MiddleStump,,PlayAndMissLegSide,MovesInfront,Flick,SeamIn,Over,FastSeam,Right,Null,NotReferred,Null,True,False,False,False,False,True,,False,False,True,False,False,False,1,0,1,0,0,False,False,,,Wicketkeeper
1628464,2,8.0,10,0,0,16,0,10,76049,,39790,The Hundred 2026 – Men,1,931,Trent Rockets Men,1447,Manchester Super Giants Men,8695749,2026-08-16T17:04:54Z,1,8,False,,,,13841,Josh Tongue,3149,Finn Allen,67,Ben Duckett,Right,4,0,4,4,,HalfVolley,OffStump,,WellTimed,MovesInfront,Flick,NoMovement,Over,FastSeam,Right,Null,NotReferred,Null,False,False,False,False,False,True,,False,False,True,False,False,False,4,0,0,0,0,True,False,71.0,161.0,
1628464,2,8.0,10,0,0,16,0,10,76049,,39790,The Hundred 2026 – Men,1,931,Trent Rockets Men,1447,Manchester Super Giants Men,8695751,2026-08-16T17:05:30Z,2,9,False,,,,13841,Josh Tongue,3149,Finn Allen,67,Ben Duckett,Right,0,0,0,0,,BackOfALength,OutsideOff,,None,BackFoot,BackwardDefensive,SeamIn,Over,FastSeam,Right,Null,NotReferred,Null,False,False,False,False,False,True,,False,False,True,False,False,False,0,0,0,0,0,False,False,256.0,39.0,Bowler
1628464,2,8.0,10,0,0,16,0,10,76049,,39790,The Hundred 2026 – Men,1,931,Trent Rockets Men,1447,Manchester Super Giants Men,8695756,2026-08-16T17:06:07Z,3,10,False,,,,13841,Josh Tongue,3149,Finn Allen,67,Ben Duckett,Right,1,0,1,1,,Yorker,OutsideOff,,None,BackFoot,Pushed,NoMovement,Over,FastSeam,Right,Null,NotReferred,Null,False,False,False,False,False,True,,False,False,True,False,False,False,1,0,0,0,0,False,False,288.0,74.0,Mid On
1628464,2,8.0,10,0,0,16,0,10,76049,,39790,The Hundred 2026 – Men,1,931,Trent Rockets Men,1447,Manchester Super Giants Men,8695758,2026-08-16T17:06:46Z,4,11,False,,,,13841,Josh Tongue,67,Ben Duckett,3149,Finn Allen,Left,0,0,0,0,,LengthBall,OffStump,,Missed,FrontFoot,Drive,SeamAway,Over,FastSeam,Right,Null,NotReferred,Null,False,False,False,False,False,True,,False,False,True,False,False,False,0,0,0,0,0,False,False,,,Wicketkeeper
1628464,2,8.0,10,0,0,16,0,10,76049,,39790,The Hundred 2026 – Men,1,931,Trent Rockets Men,1447,Manchester Super Giants Men,8695761,2026-08-16T17:07:20Z,5,12,False,,,,13841,Josh Tongue,67,Ben Duckett,3149,Finn Allen,Left,4,0,4,4,,HalfVolley,OutsideOff,,WellTimed,FrontFoot,Drive,SeamAway,Over,FastSeam,Right,Null,NotReferred,Null,False,False,False,False,False,True,,False,False,True,False,False,False,4,0,0,0,0,True,False,324.0,176.0,
1628467,3,7.67,7,0,0,23,0,7,76049,,39790,The Hundred 2026 – Men,1,931,Trent Rockets Men,1447,Manchester Super Giants Men,8695765,2026-08-16T17:08:32Z,1,13,False,,,,7016,Gus Atkinson,3149,Finn Allen,67,Ben Duckett,Right,1,0,1,1,,BackOfALength,OutsideOff,,None,BackFoot,Dropped,SeamIn,Over,FastSeam,Right,Null,NotReferred,Null,False,False,False,False,False,True,,False,False,True,False,False,False,1,0,0,0,0,False,False,329.0,53.0,Mid Wicket
1628467,3,7.67,7,0,0,23,0,7,76049,,39790,The Hundred 2026 – Men,1,931,Trent Rockets Men,1447,Manchester Super Giants Men,8695767,2026-08-16T17:09:20Z,2,14,False,,,,7016,Gus Atkinson,67,Ben Duckett,3149,Finn Allen,Left,6,0,6,6,,HalfVolley,OutsideOff,,WellTimed,MovesInfront,Scoop,NoMovement,Over,FastSeam,Right,Null,NotReferred,Null,False,False,False,False,True,True,,False,False,True,False,False,False,6,0,0,0,0,True,False,99.0,160.0,
1628467,3,7.67,7,0,0,23,0,7,76049,,39790,The Hundred 2026 – Men,1,931,Trent Rockets Men,1447,Manchester Super Giants Men,8695771,2026-08-16T17:10:13Z,3,15,False,,,,7016,Gus Atkinson,67,Ben Duckett,3149,Finn Allen,Left,0,0,0,0,,LengthBall,Wide,,Missed,BackFoot,Cut,SeamIn,Round,FastSeam,Right,Null,NotReferred,Null,False,False,False,False,False,True,,False,False,True,False,False,False,0,0,0,0,0,False,False,,,Wicketkeeper
1628467,3,7.67,7,0,0,23,0,7,76049,,39790,The Hundred 2026 – Men,1,931,Trent Rockets Men,1447,Manchester Super Giants Men,8695774,2026-08-16T17:10:50Z,4,16,False,,,,7016,Gus Atkinson,67,Ben Duckett,3149,Finn Allen,Left,0,0,0,0,,LengthBall,OutsideOff,,MisTimed,BackFoot,Cut,NoMovement,Round,FastSeam,Right,Null,NotReferred,Null,False,False,False,False,False,True,,False,False,True,False,False,False,0,0,0,0,0,False,False,333.0,47.0,Cover
1628467,3,7.67,7,0,0,23,0,7,76049,,39790,The Hundred 2026 – Men,1,931,Trent Rockets Men,1447,Manchester Super Giants Men,8695777,2026-08-16T17:11:29Z,5,17,False,,,,7016,Gus Atkinson,67,Ben Duckett,3149,Finn Allen,Left,0,0,0,0,,HalfVolley,OutsideOff,,None,FrontFoot,Drive,NoMovement,Round,FastSeam,Right,Null,NotReferred,Null,False,False,False,False,False,True,,False,False,True,False,False,False,0,0,0,0,0,False,False,286.0,81.0,Mid Off
1628470,4,6.25,2,0,0,25,0,2,76049,,39790,The Hundred 2026 – Men,1,931,Trent Rockets Men,1447,Manchester Super Giants Men,8695782,2026-08-16T17:12:38Z,1,18,False,,,,13841,Josh Tongue,67,Ben Duckett,3149,Finn Allen,Left,0,0,0,0,,LengthBall,Wide,,MisTimed,FrontFoot,Drive,NoMovement,Round,FastSeam,Right,Null,NotReferred,Null,False,False,False,False,False,True,,False,False,True,False,False,False,0,0,0,0,0,False,False,316.0,56.0,Extra Cover
1628470,4,6.25,2,0,0,25,0,2,76049,,39790,The Hundred 2026 – Men,1,931,Trent Rockets Men,1447,Manchester Super Giants Men,8695783,2026-08-16T17:13:19Z,2,19,False,,,,13841,Josh Tongue,67,Ben Duckett,3149,Finn Allen,Left,1,0,1,1,,LengthBall,OutsideOff,,None,FrontFoot,Steer,OffCutter,Round,FastSeam,Right,Null,NotReferred,Null,False,False,False,False,False,True,,False,False,True,False,False,False,1,0,0,0,0,False,False,29.0,112.0,Deep Backward Point
1628470,4,6.25,2,0,0,25,0,2,76049,,39790,The Hundred 2026 – Men,1,931,Trent Rockets Men,1447,Manchester Super Giants Men,8695785,2026-08-16T17:14:11Z,3,20,False,,,,13841,Josh Tongue,3149,Finn Allen,67,Ben Duckett,Right,0,0,0,0,,LengthBall,OutsideOff,,None,BackFoot,Pushed,NoMovement,Over,FastSeam,Right,Null,NotReferred,Null,False,False,False,False,False,True,,False,False,True,False,False,False,0,0,0,0,0,False,False,289.0,43.0,Bowler
1628470,4,6.25,2,0,0,25,0,2,76049,,39790,The Hundred 2026 – Men,1,931,Trent Rockets Men,1447,Manchester Super Giants Men,8695788,2026-08-16T17:14:44Z,4,21,False,,,,13841,Josh Tongue,3149,Finn Allen,67,Ben Duckett,Right,1,0,1,1,,HalfVolley,OutsideOff,,None,FrontFoot,Flick,OffCutter,Over,FastSeam,Right,Null,NotReferred,Null,False,False,False,False,False,True,,False,False,True,False,False,False,1,0,0,0,0,False,False,314.0,72.0,Mid Wicket
1628470,4,6.25,2,0,0,25,0,2,76049,,39790,The Hundred 2026 – Men,1,931,Trent Rockets Men,1447,Manchester Super Giants Men,8695791,2026-08-16T17:15:19Z,5,22,False,,,,13841,Josh Tongue,67,Ben Duckett,3149,Finn Allen,Left,0,0,0,0,,HalfVolley,OutsideOff,,WellTimed,FrontFoot,Drive,NoMovement,Round,FastSeam,Right,Null,NotReferred,Null,False,False,False,False,False,True,,False,False,True,False,False,False,0,0,0,0,0,False,False,321.0,61.0,Extra Cover
1628473,5,6.6,8,0,0,33,0,8,76049,,39790,The Hundred 2026 – Men,1,931,Trent Rockets Men,1447,Manchester Super Giants Men,8695797,2026-08-16T17:16:24Z,1,23,False,,,,7016,Gus Atkinson,3149,Finn Allen,67,Ben Duckett,Right,1,0,1,1,,LengthBall,OutsideOff,,WellTimed,FrontFoot,Slog,NoMovement,Over,FastSeam,Right,Null,NotReferred,Null,False,False,False,False,True,True,,False,False,True,False,False,False,1,0,0,0,0,False,False,295.0,140.0,Long On
1628473,5,6.6,8,0,0,33,0,8,76049,,39790,The Hundred 2026 – Men,1,931,Trent Rockets Men,1447,Manchester Super Giants Men,8695799,2026-08-16T17:17:13Z,2,24,False,,,,7016,Gus Atkinson,67,Ben Duckett,3149,Finn Allen,Left,2,0,2,2,,LengthBall,OutsideOff,,OutsideEdge,FrontFoot,ForwardDefensive,OffCutter,Round,FastSeam,Right,Null,NotReferred,Null,False,False,False,False,False,True,,False,False,True,False,False,False,2,0,0,0,0,False,False,65.0,118.0,Third Man
1628473,5,6.6,8,0,0,33,0,8,76049,,39790,The Hundred 2026 – Men,1,931,Trent Rockets Men,1447,Manchester Super Giants Men,8695800,2026-08-16T17:17:59Z,3,25,False,,,,7016,Gus Atkinson,67,Ben Duckett,3149,Finn Allen,Left,1,0,1,1,,LengthBall,OutsideOff,,None,FrontFoot,Dropped,OffCutter,Round,FastSeam,Right,Null,NotReferred,Null,False,False,False,False,False,True,,False,False,True,False,False,False,1,0,0,0,0,False,False,344.0,54.0,Cover
1628473,5,6.6,8,0,0,33,0,8,76049,,39790,The Hundred 2026 – Men,1,931,Trent Rockets Men,1447,Manchester Super Giants Men,8695802,2026-08-16T17:18:30Z,4,26,False,,,,7016,Gus Atkinson,3149,Finn Allen,67,Ben Duckett,Right,4,0,4,4,,FullToss,DownLeg,,WellTimed,FrontFoot,Flick,NoMovement,Over,FastSeam,Right,Null,NotReferred,Null,False,False,False,False,True,True,,False,False,True,False,False,False,4,0,0,0,0,True,False,39.0,164.0,
1628473,5,6.6,8,0,0,33,0,8,76049,,39790,The Hundred 2026 – Men,1,931,Trent Rockets Men,1447,Manchester Super Giants Men,8695803,2026-08-16T17:19:06Z,5,27,False,,,,7016,Gus Atkinson,3149,Finn Allen,67,Ben Duckett,Right,0,0,0,0,,LengthBall,OutsideOff,,Middled,FrontFoot,Drive,LegCutter,Over,FastSeam,Right,Null,NotReferred,Null,False,False,False,False,False,True,,False,False,True,False,False,False,0,0,0,0,0,False,False,216.0,67.0,Extra Cover
1628475,6,6.83,8,0,0,41,0,8,76049,,39790,The Hundred 2026 – Men,1,931,Trent Rockets Men,1447,Manchester Super Giants Men,8695805,2026-08-16T17:20:29Z,1,28,False,,,,139,Liam Dawson,3149,Finn Allen,67,Ben Duckett,Right,1,0,1,1,,LengthBall,OffStump,,None,BackFoot,Flick,QuickerBall,Round,Orthodox,Left,Null,NotReferred,Null,False,False,False,False,False,True,,False,False,False,False,False,False,1,0,0,0,0,False,False,299.0,138.0,Long On
1628475,6,6.83,8,0,0,41,0,8,76049,,39790,The Hundred 2026 – Men,1,931,Trent Rockets Men,1447,Manchester Super Giants Men,8695806,2026-08-16T17:21:08Z,2,29,False,,,,139,Liam Dawson,67,Ben Duckett,3149,Finn Allen,Left,0,0,0,0,,LengthBall,LegStump,,Missed,FrontFoot,Flick,StockBall,Round,Orthodox,Left,Null,NotReferred,Null,False,False,False,False,False,True,,False,False,False,False,False,False,0,0,0,0,0,False,False,,,Wicketkeeper
1628475,6,6.83,8,0,0,41,0,8,76049,,39790,The Hundred 2026 – Men,1,931,Trent Rockets Men,1447,Manchester Super Giants Men,8695808,2026-08-16T17:21:29Z,3,30,False,,,,139,Liam Dawson,67,Ben Duckett,3149,Finn Allen,Left,4,0,4,4,,LengthBall,LegStump,,Middled,FrontFoot,Sweep,StockBall,Round,Orthodox,Left,Null,NotReferred,Null,False,False,False,False,False,True,,False,False,False,False,False,False,4,0,0,0,0,True,False,176.0,169.0,
1628475,6,6.83,8,0,0,41,0,8,76049,,39790,The Hundred 2026 – Men,1,931,Trent Rockets Men,1447,Manchester Super Giants Men,8695809,2026-08-16T17:21:56Z,4,31,False,,,,139,Liam Dawson,67,Ben Duckett,3149,Finn Allen,Left,2,0,2,2,,LengthBall,OutsideOff,,None,FrontFoot,ReverseSweep,StockBall,Round,Orthodox,Left,Null,NotReferred,Null,False,False,False,False,False,True,,False,False,False,False,False,False,2,0,0,0,0,False,True,48.0,118.0,Third Man
1628475,6,6.83,8,0,0,41,0,8,76049,,39790,The Hundred 2026 – Men,1,931,Trent Rockets Men,1447,Manchester Super Giants Men,8695811,2026-08-16T17:22:34Z,5,32,False,,,,139,Liam Dawson,67,Ben Duckett,3149,Finn Allen,Left,1,0,1,1,,LengthBall,OutsideOff,,WellTimed,FrontFoot,Drive,StockBall,Round,Orthodox,Left,Null,NotReferred,Null,False,False,False,False,False,True,,False,False,False,False,False,False,1,0,0,0,0,False,False,289.0,137.0,Long Off
1628476,7,6.86,7,0,0,48,0,7,76049,,39790,The Hundred 2026 – Men,1,931,Trent Rockets Men,1447,Manchester Super Giants Men,8695812,2026-08-16T17:23:43Z,1,33,False,,,,7795,Sonny Baker,67,Ben Duckett,3149,Finn Allen,Left,0,0,0,0,,LengthBall,MiddleStump,,MisTimed,FrontFoot,Drive,NoMovement,Over,FastSeam,Right,Null,NotReferred,Null,False,False,False,False,False,True,,False,False,False,False,False,False,0,0,0,0,0,False,False,282.0,32.0,Bowler
1628476,7,6.86,7,0,0,48,0,7,76049,,39790,The Hundred 2026 – Men,1,931,Trent Rockets Men,1447,Manchester Super Giants Men,8695813,2026-08-16T17:24:24Z,2,34,False,,,,7795,Sonny Baker,67,Ben Duckett,3149,Finn Allen,Left,4,0,4,4,,HalfVolley,LegStump,,WellTimed,MovesInfront,Scoop,NoMovement,Over,FastSeam,Right,Null,NotReferred,Null,False,False,False,False,True,True,,False,False,False,False,False,False,4,0,0,0,0,True,False,102.0,160.0,
1628476,7,6.86,7,0,0,48,0,7,76049,,39790,The Hundred 2026 – Men,1,931,Trent Rockets Men,1447,Manchester Super Giants Men,8695814,2026-08-16T17:25:04Z,3,35,False,,,,7795,Sonny Baker,67,Ben Duckett,3149,Finn Allen,Left,1,0,1,1,,LengthBall,LegStump,,WellTimed,BackFoot,Cut,OffCutter,Over,FastSeam,Right,Null,NotReferred,Null,False,False,False,False,False,True,,False,False,False,False,False,False,1,0,0,0,0,False,False,13.0,81.0,Backward Point
1628476,7,6.86,7,0,0,48,0,7,76049,,39790,The Hundred 2026 – Men,1,931,Trent Rockets Men,1447,Manchester Super Giants Men,8695816,2026-08-16T17:25:45Z,4,36,False,,,,7795,Sonny Baker,3149,Finn Allen,67,Ben Duckett,Right,1,0,1,1,,BackOfALength,OutsideOff,,None,BackFoot,Pull,NoMovement,Over,FastSeam,Right,Null,NotReferred,Null,False,False,False,False,False,True,,False,False,False,False,False,False,1,0,0,0,0,False,False,65.0,78.0,Short Fine Leg
1628476,7,6.86,7,0,0,48,0,7,76049,,39790,The Hundred 2026 – Men,1,931,Trent Rockets Men,1447,Manchester Super Giants Men,8695817,2026-08-16T17:26:29Z,5,37,False,,,,7795,Sonny Baker,67,Ben Duckett,3149,Finn Allen,Left,1,0,1,1,,Short,OutsideOff,,None,BackFoot,Pull,OffCutter,Round,FastSeam,Right,Null,NotReferred,Null,False,False,False,False,False,True,,False,False,False,False,False,False,1,0,0,0,0,False,False,167.0,117.0,Deep Backward Square Leg
1628478,8,6.62,5,2,0,53,2,5,76049,,39790,The Hundred 2026 – Men,1,931,Trent Rockets Men,1447,Manchester Super Giants Men,8695821,2026-08-16T17:28:07Z,1,38,True,Caught,3149.0,Finn Allen,4047,Noor Ahmad,3149,Finn Allen,67,Ben Duckett,Right,0,0,0,0,Caught,LengthBall,OutsideOff,Caught,None,FrontFoot,Drive,Googly,Over,Unorthodox,Left,Null,NotReferred,Null,False,False,False,False,False,True,1812.0,False,False,False,False,False,False,0,0,0,0,0,False,True,239.0,155.0,Deep Extra Cover
1628478,8,6.62,5,2,0,53,2,5,76049,,39790,The Hundred 2026 – Men,1,931,Trent Rockets Men,1447,Manchester Super Giants Men,8695822,2026-08-16T17:29:35Z,2,39,False,,,,4047,Noor Ahmad,1999,Aneurin Donald,67,Ben Duckett,Right,4,0,4,4,,LengthBall,OffStump,,None,MovesInfront,Sweep,QuickerBall,Over,Unorthodox,Left,Null,NotReferred,Null,False,False,False,False,True,True,,False,False,False,False,False,False,4,0,0,0,0,True,False,61.0,161.0,
1628478,8,6.62,5,2,0,53,2,5,76049,,39790,The Hundred 2026 – Men,1,931,Trent Rockets Men,1447,Manchester Super Giants Men,8695824,2026-08-16T17:30:13Z,3,40,False,,,,4047,Noor Ahmad,1999,Aneurin Donald,67,Ben Duckett,Right,1,0,1,1,,BackOfALength,OffStump,,None,BackFoot,Cut,Googly,Over,Unorthodox,Left,Null,NotReferred,Null,False,False,False,False,False,True,,False,False,False,False,False,False,1,0,0,0,0,False,False,190.0,116.0,Deep Cover
1628478,8,6.62,5,2,0,53,2,5,76049,,39790,The Hundred 2026 – Men,1,931,Trent Rockets Men,1447,Manchester Super Giants Men,8695826,2026-08-16T17:30:51Z,4,41,True,Caught,67.0,Ben Duckett,4047,Noor Ahmad,67,Ben Duckett,1999,Aneurin Donald,Left,0,0,0,0,Caught,LengthBall,OutsideOff,Caught,BatPad,FrontFoot,ForwardDefensive,Googly,Over,Unorthodox,Left,Null,NotReferred,Null,False,False,False,False,False,True,1812.0,False,False,False,False,False,False,0,0,0,0,0,False,True,87.0,2.0,Wicketkeeper
1628478,8,6.62,5,2,0,53,2,5,76049,,39790,The Hundred 2026 – Men,1,931,Trent Rockets Men,1447,Manchester Super Giants Men,8695828,2026-08-16T17:32:17Z,5,42,False,,,,4047,Noor Ahmad,112,Sam Billings,1999,Aneurin Donald,Right,0,0,0,0,,LengthBall,OffStump,,None,FrontFoot,Pushed,Googly,Over,Unorthodox,Left,Null,NotReferred,Null,False,False,False,False,False,True,,False,False,False,False,False,False,0,0,0,0,0,False,False,209.0,58.0,Cover
1628480,9,7.22,12,0,0,65,2,12,76049,,39790,The Hundred 2026 – Men,1,931,Trent Rockets Men,1447,Manchester Super Giants Men,8695829,2026-08-16T17:33:17Z,1,43,False,,,,4047,Noor Ahmad,1999,Aneurin Donald,112,Sam Billings,Right,0,0,0,0,,HalfVolley,LegStump,Lbw,HitPad,FrontFoot,SlogSweep,Googly,Over,Unorthodox,Left,Null,NotReferred,Null,False,False,False,False,False,True,1942.0,False,False,False,False,False,False,0,0,0,0,0,False,False,169.0,58.0,Backward Point
1628480,9,7.22,12,0,0,65,2,12,76049,,39790,The Hundred 2026 – Men,1,931,Trent Rockets Men,1447,Manchester Super Giants Men,8695830,2026-08-16T17:33:47Z,2,44,False,,,,4047,Noor Ahmad,1999,Aneurin Donald,112,Sam Billings,Right,6,0,6,6,,LengthBall,MiddleStump,,Middled,FrontFoot,SlogSweep,Googly,Over,Unorthodox,Left,Null,NotReferred,Null,False,False,False,False,True,True,,False,False,False,False,False,False,6,0,0,0,0,True,False,334.0,174.0,
1628480,9,7.22,12,0,0,65,2,12,76049,,39790,The Hundred 2026 – Men,1,931,Trent Rockets Men,1447,Manchester Super Giants Men,8695831,2026-08-16T17:34:17Z,3,45,False,,,,4047,Noor Ahmad,1999,Aneurin Donald,112,Sam Billings,Right,4,0,4,4,,LengthBall,MiddleStump,,WellTimed,FrontFoot,SlogSweep,Googly,Over,Unorthodox,Left,Null,NotReferred,Null,False,False,False,False,False,True,,False,False,False,False,False,False,4,0,0,0,0,True,False,345.0,173.0,
1628480,9,7.22,12,0,0,65,2,12,76049,,39790,The Hundred 2026 – Men,1,931,Trent Rockets Men,1447,Manchester Super Giants Men,8695832,2026-08-16T17:34:47Z,4,46,False,,,,4047,Noor Ahmad,1999,Aneurin Donald,112,Sam Billings,Right,2,0,2,2,,HalfVolley,OffStump,,Middled,DownTheTrack,Drive,Googly,Over,Unorthodox,Left,Null,NotReferred,Null,False,False,False,False,False,True,,False,False,False,False,False,False,2,0,0,0,0,False,False,228.0,162.0,Deep Extra Cover
1628480,9,7.22,12,0,0,65,2,12,76049,,39790,The Hundred 2026 – Men,1,931,Trent Rockets Men,1447,Manchester Super Giants Men,8695833,2026-08-16T17:35:41Z,5,47,False,,,,4047,Noor Ahmad,1999,Aneurin Donald,112,Sam Billings,Right,0,0,0,0,,LengthBall,OffStump,,Missed,FrontFoot,ReverseSweep,QuickerBall,Over,Unorthodox,Left,Null,NotReferred,Null,False,False,False,False,False,True,,False,False,False,False,False,False,0,0,0,0,0,False,False,,,Wicketkeeper
1628481,10,7.9,14,0,0,79,2,14,76049,,39790,The Hundred 2026 – Men,1,931,Trent Rockets Men,1447,Manchester Super Giants Men,8695834,2026-08-16T17:36:52Z,1,48,False,,,,7795,Sonny Baker,1999,Aneurin Donald,112,Sam Billings,Right,0,1,1,0,,BackOfALength,OutsideOff,,HitBody,BackFoot,Pull,OffCutter,Over,FastSeam,Right,Null,NotReferred,Null,False,False,False,True,False,True,,False,False,False,False,False,False,1,0,0,1,0,False,False,209.0,39.0,Cover
1628481,10,7.9,14,0,0,79,2,14,76049,,39790,The Hundred 2026 – Men,1,931,Trent Rockets Men,1447,Manchester Super Giants Men,8695835,2026-08-16T17:37:44Z,2,49,False,,,,7795,Sonny Baker,112,Sam Billings,1999,Aneurin Donald,Right,2,0,2,2,,LengthBall,OutsideOff,,WellTimed,FrontFoot,Flick,SeamIn,Over,FastSeam,Right,Null,NotReferred,Null,False,False,False,False,False,True,,False,False,False,False,False,False,2,0,0,0,0,False,False,18.0,138.0,Deep Backward Square Leg
1628481,10,7.9,14,0,0,79,2,14,76049,,39790,The Hundred 2026 – Men,1,931,Trent Rockets Men,1447,Manchester Super Giants Men,8695836,2026-08-16T17:38:23Z,3,50,False,,,,7795,Sonny Baker,112,Sam Billings,1999,Aneurin Donald,Right,1,0,1,1,,LengthBall,OutsideOff,,None,BackFoot,Pushed,OffCutter,Over,FastSeam,Right,Null,NotReferred,Null,False,False,False,False,False,True,,False,False,False,False,False,False,1,0,0,0,0,False,False,291.0,140.0,Long On
1628481,10,7.9,14,0,0,79,2,14,76049,,39790,The Hundred 2026 – Men,1,931,Trent Rockets Men,1447,Manchester Super Giants Men,8695837,2026-08-16T17:38:55Z,4,51,False,,,,7795,Sonny Baker,1999,Aneurin Donald,112,Sam Billings,Right,6,0,6,6,,Short,OutsideOff,,Middled,BackFoot,Pull,NoMovement,Over,FastSeam,Right,Null,NotReferred,Null,False,False,False,False,True,True,,False,False,False,False,False,False,6,0,0,0,0,True,False,29.0,165.0,
1628481,10,7.9,14,0,0,79,2,14,76049,,39790,The Hundred 2026 – Men,1,931,Trent Rockets Men,1447,Manchester Super Giants Men,8695838,2026-08-16T17:39:59Z,5,52,False,,,,7795,Sonny Baker,1999,Aneurin Donald,112,Sam Billings,Right,4,0,4,4,,LengthBall,OutsideOff,,Middled,FrontFoot,Drive,OffCutter,Over,FastSeam,Right,Null,NotReferred,Null,False,False,False,False,True,True,,False,False,False,False,False,False,4,0,0,0,0,True,False,215.0,176.0,
1628482,11,7.82,7,1,0,86,3,7,76049,,39790,The Hundred 2026 – Men,1,931,Trent Rockets Men,1447,Manchester Super Giants Men,8695839,2026-08-16T17:41:18Z,1,53,False,,,,139,Liam Dawson,112,Sam Billings,1999,Aneurin Donald,Right,0,1,1,0,,LengthBall,LegStump,,HitPad,FrontFoot,Flick,StockBall,Round,Orthodox,Left,Null,NotReferred,Null,False,False,False,True,False,True,,False,False,False,False,False,False,1,0,0,1,0,False,False,201.0,44.0,Cover
1628482,11,7.82,7,1,0,86,3,7,76049,,39790,The Hundred 2026 – Men,1,931,Trent Rockets Men,1447,Manchester Super Giants Men,8695840,2026-08-16T17:41:58Z,2,54,False,,,,139,Liam Dawson,1999,Aneurin Donald,112,Sam Billings,Right,1,0,1,1,,BackOfALength,OutsideOff,,None,DownTheTrack,Drive,StockBall,Round,Orthodox,Left,Null,NotReferred,Null,False,False,False,False,True,True,,False,False,False,False,False,False,1,0,0,0,0,False,False,247.0,133.0,Long Off
1628482,11,7.82,7,1,0,86,3,7,76049,,39790,The Hundred 2026 – Men,1,931,Trent Rockets Men,1447,Manchester Super Giants Men,8695841,2026-08-16T17:42:25Z,3,55,False,,,,139,Liam Dawson,112,Sam Billings,1999,Aneurin Donald,Right,1,0,1,1,,LengthBall,MiddleStump,,Middled,BacksAway,Cut,StockBall,Round,Orthodox,Left,Null,NotReferred,Null,False,False,False,False,False,True,,False,False,False,False,False,False,1,0,0,0,0,False,False,216.0,57.0,Extra Cover
1628482,11,7.82,7,1,0,86,3,7,76049,,39790,The Hundred 2026 – Men,1,931,Trent Rockets Men,1447,Manchester Super Giants Men,8695842,2026-08-16T17:42:50Z,4,56,False,,,,139,Liam Dawson,1999,Aneurin Donald,112,Sam Billings,Right,4,0,4,4,,LengthBall,Wide,,WellTimed,MovesInfront,SlogSweep,StockBall,Round,Orthodox,Left,Null,NotReferred,Null,False,False,False,False,True,True,,False,False,False,False,False,False,4,0,0,0,0,True,False,312.0,177.0,
1628482,11,7.82,7,1,0,86,3,7,76049,,39790,The Hundred 2026 – Men,1,931,Trent Rockets Men,1447,Manchester Super Giants Men,8695843,2026-08-16T17:43:29Z,5,57,True,RunOut,112.0,Sam Billings,139,Liam Dawson,1999,Aneurin Donald,112,Sam Billings,Right,0,0,0,0,Run out,HalfVolley,MiddleStump,RunOut,Missed,FrontFoot,Flick,QuickerBall,Round,Orthodox,Left,Null,OutThirdUmpire,Null,False,False,False,False,False,True,1825.0,False,False,False,False,False,True,0,0,0,0,0,False,False,51.0,6.0,Short Fine Leg
1628483,12,7.67,6,1,0,92,4,6,76049,,39790,The Hundred 2026 – Men,1,931,Trent Rockets Men,1447,Manchester Super Giants Men,8695844,2026-08-16T17:45:06Z,1,58,False,,,,4047,Noor Ahmad,1999,Aneurin Donald,3619,Tim David,Right,4,0,4,4,,LengthBall,DownLeg,,WellTimed,FrontFoot,SlogSweep,Googly,Over,Unorthodox,Left,Null,NotReferred,Null,False,False,False,False,False,True,,False,False,False,False,False,False,4,0,0,0,0,True,False,32.0,165.0,
1628483,12,7.67,6,1,0,92,4,6,76049,,39790,The Hundred 2026 – Men,1,931,Trent Rockets Men,1447,Manchester Super Giants Men,8695845,2026-08-16T17:45:35Z,2,59,False,,,,4047,Noor Ahmad,1999,Aneurin Donald,3619,Tim David,Right,0,0,0,0,,LengthBall,LegStump,,Missed,FrontFoot,Sweep,Googly,Over,Unorthodox,Left,Null,NotReferred,Null,False,False,False,False,False,True,,False,False,False,False,False,False,0,0,0,0,0,False,False,,,Wicketkeeper
1628483,12,7.67,6,1,0,92,4,6,76049,,39790,The Hundred 2026 – Men,1,931,Trent Rockets Men,1447,Manchester Super Giants Men,8695846,2026-08-16T17:45:54Z,3,60,False,,,,4047,Noor Ahmad,1999,Aneurin Donald,3619,Tim David,Right,1,0,1,1,,BackOfALength,DownLeg,,None,FrontFoot,SlogSweep,Googly,Over,Unorthodox,Left,Null,NotReferred,Null,False,False,False,False,False,True,,False,False,False,False,False,False,1,0,0,0,0,False,False,47.0,125.0,Fine Leg
1628483,12,7.67,6,1,0,92,4,6,76049,,39790,The Hundred 2026 – Men,1,931,Trent Rockets Men,1447,Manchester Super Giants Men,8695847,2026-08-16T17:46:36Z,4,61,True,Caught,3619.0,Tim David,4047,Noor Ahmad,3619,Tim David,1999,Aneurin Donald,Right,0,0,0,0,Caught,LengthBall,MiddleStump,Caught,OutsideEdge,FrontFoot,Drive,Googly,Over,Unorthodox,Left,Null,NotReferred,Null,False,False,False,False,False,True,1812.0,False,False,False,False,False,False,0,0,0,0,0,False,True,103.0,2.0,Wicketkeeper
1628483,12,7.67,6,1,0,92,4,6,76049,,39790,The Hundred 2026 – Men,1,931,Trent Rockets Men,1447,Manchester Super Giants Men,8695848,2026-08-16T17:48:06Z,5,62,False,,,,4047,Noor Ahmad,1027,Mitch Santner,1999,Aneurin Donald,Left,1,0,1,1,,LengthBall,OffStump,,None,BackFoot,Worked,Googly,Over,Unorthodox,Left,Null,NotReferred,Null,False,False,False,False,False,True,,False,False,False,False,False,False,1,0,0,0,0,False,False,192.0,111.0,Deep Square Leg
1628484,13,7.23,2,0,0,94,4,2,76049,,39790,The Hundred 2026 – Men,1,931,Trent Rockets Men,1447,Manchester Super Giants Men,8695849,2026-08-16T17:49:11Z,1,63,False,,,,13841,Josh Tongue,1027,Mitch Santner,1999,Aneurin Donald,Left,0,0,0,0,,HalfVolley,OutsideOff,,Missed,FrontFoot,Drive,SeamAway,Round,FastSeam,Right,Null,NotReferred,Null,False,False,False,False,False,True,,False,False,False,False,False,False,0,0,0,0,0,False,False,,,Wicketkeeper
1628484,13,7.23,2,0,0,94,4,2,76049,,39790,The Hundred 2026 – Men,1,931,Trent Rockets Men,1447,Manchester Super Giants Men,8695850,2026-08-16T17:49:43Z,2,64,False,,,,13841,Josh Tongue,1027,Mitch Santner,1999,Aneurin Donald,Left,0,0,0,0,,LengthBall,OutsideOff,,MisTimed,FrontFoot,Drive,NoMovement,Round,FastSeam,Right,Null,NotReferred,Null,False,False,False,False,False,True,,False,False,False,False,False,False,0,0,0,0,0,False,False,325.0,60.0,Extra Cover
1628484,13,7.23,2,0,0,94,4,2,76049,,39790,The Hundred 2026 – Men,1,931,Trent Rockets Men,1447,Manchester Super Giants Men,8695851,2026-08-16T17:50:15Z,3,65,False,,,,13841,Josh Tongue,1027,Mitch Santner,1999,Aneurin Donald,Left,1,0,1,1,,LengthBall,OutsideOff,,ThickEdge,FrontFoot,Drive,OffCutter,Round,FastSeam,Right,Null,NotReferred,Null,False,False,False,False,False,True,,False,False,False,False,False,False,1,0,0,0,0,False,False,67.0,118.0,Third Man
1628484,13,7.23,2,0,0,94,4,2,76049,,39790,The Hundred 2026 – Men,1,931,Trent Rockets Men,1447,Manchester Super Giants Men,8695852,2026-08-16T17:50:53Z,4,66,False,,,,13841,Josh Tongue,1999,Aneurin Donald,1027,Mitch Santner,Right,0,0,0,0,,BackOfALength,OutsideOff,,None,BackFoot,LateCut,OffCutter,Over,FastSeam,Right,Null,NotReferred,Null,False,False,False,False,False,True,,False,False,False,False,False,False,0,0,0,0,0,False,False,121.0,71.0,Short Third Man
1628484,13,7.23,2,0,0,94,4,2,76049,,39790,The Hundred 2026 – Men,1,931,Trent Rockets Men,1447,Manchester Super Giants Men,8695853,2026-08-16T17:51:27Z,5,67,False,,,,13841,Josh Tongue,1999,Aneurin Donald,1027,Mitch Santner,Right,1,0,1,1,,LengthBall,OutsideOff,,MisTimed,FrontFoot,Slog,OffCutter,Over,FastSeam,Right,Null,NotReferred,Null,False,False,False,False,False,True,,False,False,False,False,False,False,1,0,0,0,0,False,False,295.0,123.0,Long On
1628485,14,6.93,3,1,0,97,5,3,76049,,39790,The Hundred 2026 – Men,1,931,Trent Rockets Men,1447,Manchester Super Giants Men,8695854,2026-08-16T17:52:28Z,1,68,False,,,,139,Liam Dawson,1027,Mitch Santner,1999,Aneurin Donald,Left,1,0,1,1,,LengthBall,MiddleStump,,None,FrontFoot,Pushed,StockBall,Round,Orthodox,Left,Null,NotReferred,Null,False,False,False,False,False,True,,False,False,False,False,False,False,1,0,0,0,0,False,False,292.0,127.0,Long Off
1628485,14,6.93,3,1,0,97,5,3,76049,,39790,The Hundred 2026 – Men,1,931,Trent Rockets Men,1447,Manchester Super Giants Men,8695855,2026-08-16T17:52:54Z,2,69,True,Bowled,1999.0,Aneurin Donald,139,Liam Dawson,1999,Aneurin Donald,1027,Mitch Santner,Right,0,0,0,0,Bowled,LengthBall,OffStump,Bowled,InsideEdge,DownTheTrack,Flick,StockBall,Round,Orthodox,Left,Null,NotReferred,Null,False,False,False,False,False,True,1942.0,False,False,False,False,False,False,0,0,0,0,0,False,False,,,
1628485,14,6.93,3,1,0,97,5,3,76049,,39790,The Hundred 2026 – Men,1,931,Trent Rockets Men,1447,Manchester Super Giants Men,8695856,2026-08-16T17:54:23Z,3,70,False,,,,139,Liam Dawson,7,Lewis Gregory,1027,Mitch Santner,Right,1,0,1,1,,LengthBall,OffStump,,InsideEdge,FrontFoot,ForwardDefensive,ArmBall,Round,Orthodox,Left,Null,NotReferred,Null,False,False,False,False,False,True,,False,False,False,False,False,False,1,0,0,0,0,False,False,16.0,109.0,Deep Backward Square Leg
1628485,14,6.93,3,1,0,97,5,3,76049,,39790,The Hundred 2026 – Men,1,931,Trent Rockets Men,1447,Manchester Super Giants Men,8695857,2026-08-16T17:54:50Z,4,71,False,,,,139,Liam Dawson,1027,Mitch Santner,7,Lewis Gregory,Left,0,0,0,0,,LengthBall,LegStump,,None,BackFoot,Drive,StockBall,Round,Orthodox,Left,Null,NotReferred,Null,False,False,False,False,False,True,,False,False,False,False,False,False,0,0,0,0,0,False,False,271.0,37.0,Bowler
1628485,14,6.93,3,1,0,97,5,3,76049,,39790,The Hundred 2026 – Men,1,931,Trent Rockets Men,1447,Manchester Super Giants Men,8695858,2026-08-16T17:55:14Z,5,72,False,,,,139,Liam Dawson,1027,Mitch Santner,7,Lewis Gregory,Left,1,0,1,1,,LengthBall,OffStump,,WellTimed,BackFoot,Cut,StockBall,Round,Orthodox,Left,Null,NotReferred,Null,False,False,False,False,False,True,,False,False,False,False,False,False,1,0,0,0,0,False,False,9.0,128.0,Deep Backward Point
1628486,15,7.13,10,0,0,107,5,10,76049,,39790,The Hundred 2026 – Men,1,931,Trent Rockets Men,1447,Manchester Super Giants Men,8695859,2026-08-16T17:56:20Z,1,73,False,,,,4047,Noor Ahmad,1027,Mitch Santner,7,Lewis Gregory,Left,1,1,1,0,,LengthBall,LegStump,,PlayAndMissLegSide,FrontFoot,SlogSweep,Googly,Over,Unorthodox,Left,Null,NotReferred,Null,True,False,False,False,False,True,,False,False,False,False,False,False,1,0,1,0,0,False,False,,,Wicketkeeper
1628486,15,7.13,10,0,0,107,5,10,76049,,39790,The Hundred 2026 – Men,1,931,Trent Rockets Men,1447,Manchester Super Giants Men,8695860,2026-08-16T17:56:41Z,1,74,False,,,,4047,Noor Ahmad,1027,Mitch Santner,7,Lewis Gregory,Left,1,0,1,1,,BackOfALength,OutsideOff,,WellTimed,BackFoot,Drive,QuickerBall,Over,Unorthodox,Left,Null,NotReferred,Null,False,False,False,False,False,True,,False,False,False,False,False,False,1,0,0,0,0,False,False,353.0,129.0,Deep Cover
1628486,15,7.13,10,0,0,107,5,10,76049,,39790,The Hundred 2026 – Men,1,931,Trent Rockets Men,1447,Manchester Super Giants Men,8695861,2026-08-16T17:57:25Z,2,75,False,,,,4047,Noor Ahmad,7,Lewis Gregory,1027,Mitch Santner,Right,0,0,0,0,,BackOfALength,OutsideOff,,None,BackFoot,Pushed,LeftArmLegspin,Round,Unorthodox,Left,Null,NotReferred,Null,False,False,False,False,False,True,,False,False,False,False,False,False,0,0,0,0,0,False,False,260.0,37.0,Bowler
1628486,15,7.13,10,0,0,107,5,10,76049,,39790,The Hundred 2026 – Men,1,931,Trent Rockets Men,1447,Manchester Super Giants Men,8695862,2026-08-16T17:57:44Z,3,76,False,,,,4047,Noor Ahmad,7,Lewis Gregory,1027,Mitch Santner,Right,4,0,4,4,,BackOfALength,Wide,,Middled,BackFoot,Cut,Googly,Round,Unorthodox,Left,Null,NotReferred,Null,False,False,False,False,False,True,,False,False,False,False,False,False,4,0,0,0,0,True,False,197.0,173.0,
1628486,15,7.13,10,0,0,107,5,10,76049,,39790,The Hundred 2026 – Men,1,931,Trent Rockets Men,1447,Manchester Super Giants Men,8695863,2026-08-16T17:58:18Z,4,77,False,,,,4047,Noor Ahmad,7,Lewis Gregory,1027,Mitch Santner,Right,4,0,4,4,,LengthBall,DownLeg,,None,FrontFoot,Sweep,Googly,Over,Unorthodox,Left,Null,NotReferred,Null,False,False,False,False,False,True,,False,False,False,False,False,False,4,0,0,0,0,True,False,77.0,160.0,
1628486,15,7.13,10,0,0,107,5,10,76049,,39790,The Hundred 2026 – Men,1,931,Trent Rockets Men,1447,Manchester Super Giants Men,8695864,2026-08-16T17:58:56Z,5,78,False,,,,4047,Noor Ahmad,7,Lewis Gregory,1027,Mitch Santner,Right,0,0,0,0,,LengthBall,DownLeg,,None,FrontFoot,ReverseSweep,Googly,Over,Unorthodox,Left,Null,NotReferred,Null,False,False,False,False,False,True,,False,False,False,False,False,False,0,0,0,0,0,False,False,168.0,73.0,Backward Point
1628487,16,7.12,7,0,0,114,5,7,76049,,39790,The Hundred 2026 – Men,1,931,Trent Rockets Men,1447,Manchester Super Giants Men,8695865,2026-08-16T18:00:08Z,1,79,False,,,,7795,Sonny Baker,7,Lewis Gregory,1027,Mitch Santner,Right,0,0,0,0,,LengthBall,OutsideOff,,HitPad,BackFoot,BackwardDefensive,SeamIn,Over,FastSeam,Right,Null,NotReferred,Null,False,False,False,False,False,True,,False,False,False,False,False,False,0,0,0,0,0,False,False,204.0,33.0,Bowler
1628487,16,7.12,7,0,0,114,5,7,76049,,39790,The Hundred 2026 – Men,1,931,Trent Rockets Men,1447,Manchester Super Giants Men,8695866,2026-08-16T18:00:47Z,2,80,False,,,,7795,Sonny Baker,7,Lewis Gregory,1027,Mitch Santner,Right,1,0,1,1,,LengthBall,OutsideOff,,WellTimed,DownTheTrack,Drive,NoMovement,Over,FastSeam,Right,Null,NotReferred,Null,False,False,False,False,False,True,,False,False,False,False,False,False,1,0,0,0,0,False,True,176.0,132.0,Deep Backward Point
1628487,16,7.12,7,0,0,114,5,7,76049,,39790,The Hundred 2026 – Men,1,931,Trent Rockets Men,1447,Manchester Super Giants Men,8695867,2026-08-16T18:01:33Z,3,81,False,,,,7795,Sonny Baker,1027,Mitch Santner,7,Lewis Gregory,Left,4,0,4,4,,LengthBall,LegStump,,WellTimed,MovesInfront,Drive,NoMovement,Over,FastSeam,Right,Null,NotReferred,Null,False,False,False,False,False,True,,False,False,False,False,False,False,4,0,0,0,0,True,True,265.0,180.0,
1628487,16,7.12,7,0,0,114,5,7,76049,,39790,The Hundred 2026 – Men,1,931,Trent Rockets Men,1447,Manchester Super Giants Men,8695868,2026-08-16T18:02:10Z,4,82,False,,,,7795,Sonny Baker,1027,Mitch Santner,7,Lewis Gregory,Left,1,0,1,1,,BackOfALength,DownLeg,,WellTimed,BackFoot,Pull,OffCutter,Over,FastSeam,Right,Null,NotReferred,Null,False,False,False,False,False,True,,False,False,False,False,False,False,1,0,0,0,0,False,False,245.0,133.0,Long On
1628487,16,7.12,7,0,0,114,5,7,76049,,39790,The Hundred 2026 – Men,1,931,Trent Rockets Men,1447,Manchester Super Giants Men,8695869,2026-08-16T18:02:48Z,5,83,False,,,,7795,Sonny Baker,7,Lewis Gregory,1027,Mitch Santner,Right,1,0,1,1,,LengthBall,OutsideOff,,MisTimed,DeepInCrease,Drive,NoMovement,Over,FastSeam,Right,Null,NotReferred,Null,False,False,False,False,False,True,,False,False,False,False,False,False,1,0,0,0,0,False,True,297.0,99.0,Mid On
1628488,17,7.24,9,0,0,123,5,9,76049,,39790,The Hundred 2026 – Men,1,931,Trent Rockets Men,1447,Manchester Super Giants Men,8695870,2026-08-16T18:05:24Z,1,84,False,,,,139,Liam Dawson,7,Lewis Gregory,1027,Mitch Santner,Right,6,0,6,6,,LengthBall,OutsideOff,,Middled,DownTheTrack,Slog,StockBall,Round,Orthodox,Left,Null,NotReferred,Null,False,False,False,False,True,True,,False,False,False,False,False,False,6,0,0,0,0,True,False,304.0,178.0,
1628488,17,7.24,9,0,0,123,5,9,76049,,39790,The Hundred 2026 – Men,1,931,Trent Rockets Men,1447,Manchester Super Giants Men,8695871,2026-08-16T18:06:07Z,2,85,False,,,,139,Liam Dawson,7,Lewis Gregory,1027,Mitch Santner,Right,1,0,1,1,,LengthBall,OffStump,,None,FrontFoot,Worked,ArmBall,Round,Orthodox,Left,Null,NotReferred,Null,False,False,False,False,False,True,,False,False,False,False,False,False,1,0,0,0,0,False,False,8.0,102.0,Deep Backward Square Leg
1628488,17,7.24,9,0,0,123,5,9,76049,,39790,The Hundred 2026 – Men,1,931,Trent Rockets Men,1447,Manchester Super Giants Men,8695872,2026-08-16T18:06:44Z,3,86,False,,,,139,Liam Dawson,1027,Mitch Santner,7,Lewis Gregory,Left,1,0,1,1,,HalfVolley,OutsideOff,,WellTimed,FrontFoot,Drive,QuickerBall,Over,Orthodox,Left,Null,NotReferred,Null,False,False,False,False,False,True,,False,False,False,False,False,False,1,0,0,0,0,False,False,298.0,136.0,Long Off
1628488,17,7.24,9,0,0,123,5,9,76049,,39790,The Hundred 2026 – Men,1,931,Trent Rockets Men,1447,Manchester Super Giants Men,8695873,2026-08-16T18:07:12Z,4,87,False,,,,139,Liam Dawson,7,Lewis Gregory,1027,Mitch Santner,Right,0,0,0,0,,LengthBall,Wide,,MisTimed,FrontFoot,Drive,StockBall,Round,Orthodox,Left,Null,NotReferred,Null,False,False,False,False,False,True,,False,False,False,False,False,False,0,0,0,0,0,False,False,216.0,62.0,Extra Cover
1628488,17,7.24,9,0,0,123,5,9,76049,,39790,The Hundred 2026 – Men,1,931,Trent Rockets Men,1447,Manchester Super Giants Men,8695874,2026-08-16T18:07:32Z,5,88,False,,,,139,Liam Dawson,7,Lewis Gregory,1027,Mitch Santner,Right,0,1,1,0,,HalfVolley,LegStump,,BottomEdge,MovesInfront,SlogSweep,StockBall,Round,Orthodox,Left,Null,NotReferred,Null,False,False,False,True,False,True,,False,False,False,False,False,False,1,0,0,1,0,False,False,71.0,74.0,Short Fine Leg
1628489,18,7.67,15,0,0,138,5,15,76049,,39790,The Hundred 2026 – Men,1,931,Trent Rockets Men,1447,Manchester Super Giants Men,8695875,2026-08-16T18:08:42Z,1,89,False,,,,7016,Gus Atkinson,1027,Mitch Santner,7,Lewis Gregory,Left,0,0,0,0,,LengthBall,OutsideOff,,Missed,BackFoot,Cut,OffCutter,Over,FastSeam,Right,Null,NotReferred,Null,False,False,False,False,False,True,,False,False,False,False,False,False,0,0,0,0,0,False,False,,,Wicketkeeper
1628489,18,7.67,15,0,0,138,5,15,76049,,39790,The Hundred 2026 – Men,1,931,Trent Rockets Men,1447,Manchester Super Giants Men,8695876,2026-08-16T18:09:14Z,2,90,False,,,,7016,Gus Atkinson,1027,Mitch Santner,7,Lewis Gregory,Left,1,0,1,1,,LengthBall,OutsideOff,,MisTimed,FrontFoot,Pushed,OffCutter,Over,FastSeam,Right,Null,NotReferred,Null,False,False,False,False,False,True,,False,False,False,False,False,False,1,0,0,0,0,False,False,323.0,69.0,Extra Cover
1628489,18,7.67,15,0,0,138,5,15,76049,,39790,The Hundred 2026 – Men,1,931,Trent Rockets Men,1447,Manchester Super Giants Men,8695877,2026-08-16T18:09:55Z,3,91,False,,,,7016,Gus Atkinson,7,Lewis Gregory,1027,Mitch Santner,Right,2,0,2,2,,LengthBall,OutsideOff,,None,DeepInCrease,Slog,OffCutter,Over,FastSeam,Right,Null,NotReferred,Null,False,False,False,False,False,True,,False,False,False,False,False,False,2,0,0,0,0,False,False,326.0,136.0,Deep Mid Wicket
1628489,18,7.67,15,0,0,138,5,15,76049,,39790,The Hundred 2026 – Men,1,931,Trent Rockets Men,1447,Manchester Super Giants Men,8695878,2026-08-16T18:10:29Z,4,92,False,,,,7016,Gus Atkinson,7,Lewis Gregory,1027,Mitch Santner,Right,6,0,6,6,,HalfVolley,OffStump,,Middled,DeepInCrease,Flick,NoMovement,Over,FastSeam,Right,Null,NotReferred,Null,False,False,False,False,True,True,,False,False,False,False,False,False,6,0,0,0,0,True,False,347.0,172.0,
1628489,18,7.67,15,0,0,138,5,15,76049,,39790,The Hundred 2026 – Men,1,931,Trent Rockets Men,1447,Manchester Super Giants Men,8695879,2026-08-16T18:11:10Z,5,93,False,,,,7016,Gus Atkinson,7,Lewis Gregory,1027,Mitch Santner,Right,6,0,6,6,,LengthBall,OutsideOff,,Middled,DeepInCrease,Slog,LegCutter,Over,FastSeam,Right,Null,NotReferred,Null,False,False,False,False,True,True,,False,False,False,False,False,False,6,0,0,0,0,True,False,327.0,175.0,
1628490,19,7.95,13,1,0,151,6,13,76049,,39790,The Hundred 2026 – Men,1,931,Trent Rockets Men,1447,Manchester Super Giants Men,8695880,2026-08-16T18:12:13Z,1,94,False,,,,13841,Josh Tongue,1027,Mitch Santner,7,Lewis Gregory,Left,1,0,1,1,,BackOfALength,OutsideOff,,None,BackFoot,Pull,OffCutter,Round,FastSeam,Right,Null,NotReferred,Null,False,False,False,False,False,True,,False,False,False,False,False,False,1,0,0,0,0,False,False,159.0,117.0,Deep Backward Square Leg
1628490,19,7.95,13,1,0,151,6,13,76049,,39790,The Hundred 2026 – Men,1,931,Trent Rockets Men,1447,Manchester Super Giants Men,8695881,2026-08-16T18:12:54Z,2,95,True,Caught,7.0,Lewis Gregory,13841,Josh Tongue,7,Lewis Gregory,1027,Mitch Santner,Right,0,0,0,0,Caught,BackOfALength,Wide,Caught,MisTimed,DeepInCrease,Pull,LegCutter,Over,FastSeam,Right,Null,NotReferred,Null,False,False,False,False,False,True,1812.0,False,False,False,False,False,False,0,0,0,0,0,False,True,306.0,136.0,Deep Mid Wicket
1628490,19,7.95,13,1,0,151,6,13,76049,,39790,The Hundred 2026 – Men,1,931,Trent Rockets Men,1447,Manchester Super Giants Men,8695883,2026-08-16T18:14:13Z,3,96,False,,,,13841,Josh Tongue,456,Craig Overton,1027,Mitch Santner,Right,4,0,4,4,,HalfVolley,OutsideOff,,WellTimed,FrontFoot,Drive,OffCutter,Over,FastSeam,Right,Null,NotReferred,Null,False,False,False,False,True,True,,False,False,False,False,False,False,4,0,0,0,0,True,False,252.0,180.0,
1628490,19,7.95,13,1,0,151,6,13,76049,,39790,The Hundred 2026 – Men,1,931,Trent Rockets Men,1447,Manchester Super Giants Men,8695882,2026-08-16T18:14:58Z,4,97,False,,,,13841,Josh Tongue,456,Craig Overton,1027,Mitch Santner,Right,1,0,1,1,,HalfVolley,Wide,,None,FrontFoot,Drive,LegCutter,Over,FastSeam,Right,Null,NotReferred,Null,False,False,False,False,False,True,,False,False,False,False,False,False,1,0,0,0,0,False,False,242.0,130.0,Long Off
1628490,19,7.95,13,1,0,151,6,13,76049,,39790,The Hundred 2026 – Men,1,931,Trent Rockets Men,1447,Manchester Super Giants Men,8695884,2026-08-16T18:15:46Z,5,98,False,,,,13841,Josh Tongue,1027,Mitch Santner,456,Craig Overton,Left,1,1,1,0,,LengthBall,Wide,,Missed,FrontFoot,Slog,LegCutter,Round,FastSeam,Right,Null,NotReferred,Null,True,False,False,False,False,True,,False,False,False,False,False,False,1,0,1,0,0,False,False,,,Wicketkeeper
1628490,19,7.95,13,1,0,151,6,13,76049,,39790,The Hundred 2026 – Men,1,931,Trent Rockets Men,1447,Manchester Super Giants Men,8695885,2026-08-16T18:16:21Z,5,99,False,,,,13841,Josh Tongue,1027,Mitch Santner,456,Craig Overton,Left,6,0,6,6,,HalfVolley,OutsideOff,,Middled,FrontFoot,Slog,OffCutter,Round,FastSeam,Right,Null,NotReferred,Null,False,False,False,False,True,True,,False,False,False,False,False,False,6,0,0,0,0,True,False,219.0,176.0,
1628491,20,7.9,7,2,0,158,8,7,76049,,39790,The Hundred 2026 – Men,1,931,Trent Rockets Men,1447,Manchester Super Giants Men,8695886,2026-08-16T18:17:49Z,1,100,False,,,,7795,Sonny Baker,1027,Mitch Santner,456,Craig Overton,Left,1,0,1,1,,Yorker,DownLeg,,WellTimed,BacksAway,Drive,NoMovement,Round,FastSeam,Right,Null,NotReferred,Null,False,False,False,False,False,True,,False,False,False,False,False,False,1,0,0,0,0,False,False,7.0,131.0,Deep Backward Point
1628491,20,7.9,7,2,0,158,8,7,76049,,39790,The Hundred 2026 – Men,1,931,Trent Rockets Men,1447,Manchester Super Giants Men,8695887,2026-08-16T18:18:30Z,2,101,False,,,,7795,Sonny Baker,456,Craig Overton,1027,Mitch Santner,Right,4,0,4,4,,FullToss,OutsideOff,,ThickEdge,FrontFoot,Cut,NoMovement,Over,FastSeam,Right,Null,NotReferred,Null,False,False,False,False,False,True,,False,False,False,False,False,False,4,0,0,0,0,True,False,126.0,162.0,
1628491,20,7.9,7,2,0,158,8,7,76049,,39790,The Hundred 2026 – Men,1,931,Trent Rockets Men,1447,Manchester Super Giants Men,8695888,2026-08-16T18:19:05Z,3,102,False,,,,7795,Sonny Baker,456,Craig Overton,1027,Mitch Santner,Right,2,0,2,2,,HalfVolley,OutsideOff,,WellTimed,DeepInCrease,Drive,NoMovement,Over,FastSeam,Right,Null,NotReferred,Null,False,False,False,False,False,True,,False,False,False,False,False,False,2,0,0,0,0,False,False,243.0,133.0,Long Off
1628491,20,7.9,7,2,0,158,8,7,76049,,39790,The Hundred 2026 – Men,1,931,Trent Rockets Men,1447,Manchester Super Giants Men,8695889,2026-08-16T18:20:02Z,4,103,True,Caught,456.0,Craig Overton,7795,Sonny Baker,456,Craig Overton,1027,Mitch Santner,Right,0,0,0,0,Caught,LengthBall,OutsideOff,Caught,MisTimed,FrontFoot,Drive,OffCutter,Over,FastSeam,Right,Null,NotReferred,Null,False,False,False,False,False,True,1812.0,False,False,False,False,False,False,0,0,0,0,0,False,True,291.0,130.0,Long On
1628491,20,7.9,7,2,0,158,8,7,76049,,39790,The Hundred 2026 – Men,1,931,Trent Rockets Men,1447,Manchester Super Giants Men,8695890,2026-08-16T18:21:36Z,5,104,True,Bowled,2501.0,Calvin Harrison,7795,Sonny Baker,2501,Calvin Harrison,1027,Mitch Santner,Right,0,0,0,0,Bowled,HalfVolley,OutsideOff,Bowled,InsideEdge,FrontFoot,Slog,NoMovement,Over,FastSeam,Right,Null,NotReferred,Null,False,False,False,False,False,True,1812.0,False,False,False,False,False,False,0,0,0,0,0,False,False,,,
1628493,2,10.0,6,0,0,20,0,6,76050,,39790,The Hundred 2026 – Men,2,1447,Manchester Super Giants Men,931,Trent Rockets Men,8695896,2026-08-16T18:41:15Z,1,6,False,,,,456,Craig Overton,1838,Tim Seifert,2692,Paul Walter,Right,1,0,1,1,,HalfVolley,LegStump,,WellTimed,BackFoot,Flick,NoMovement,Over,Medium,Right,Null,NotReferred,Null,False,False,False,False,False,True,,False,False,True,False,False,False,1,0,0,0,0,False,False,11.0,129.0,Deep Backward Square Leg
1628493,2,10.0,6,0,0,20,0,6,76050,,39790,The Hundred 2026 – Men,2,1447,Manchester Super Giants Men,931,Trent Rockets Men,8695897,2026-08-16T18:41:46Z,2,7,False,,,,456,Craig Overton,2692,Paul Walter,1838,Tim Seifert,Left,0,0,0,0,,HalfVolley,LegStump,,None,FrontFoot,Flick,NoMovement,Over,Medium,Right,Null,NotReferred,Null,False,False,False,False,False,True,,False,False,True,False,False,False,0,0,0,0,0,False,False,116.0,71.0,Short Fine Leg
1628493,2,10.0,6,0,0,20,0,6,76050,,39790,The Hundred 2026 – Men,2,1447,Manchester Super Giants Men,931,Trent Rockets Men,8695898,2026-08-16T18:42:14Z,3,8,False,,,,456,Craig Overton,2692,Paul Walter,1838,Tim Seifert,Left,1,0,1,1,,LengthBall,DownLeg,,WellTimed,BackFoot,Flick,NoMovement,Over,Medium,Right,Null,NotReferred,Null,False,False,False,False,False,True,,False,False,True,False,False,False,1,0,0,0,0,False,False,193.0,128.0,Deep Square Leg
1628493,2,10.0,6,0,0,20,0,6,76050,,39790,The Hundred 2026 – Men,2,1447,Manchester Super Giants Men,931,Trent Rockets Men,8695899,2026-08-16T18:42:44Z,4,9,False,,,,456,Craig Overton,1838,Tim Seifert,2692,Paul Walter,Right,4,0,4,4,,HalfVolley,OutsideOff,,Middled,DeepInCrease,Drive,NoMovement,Over,Medium,Right,Null,NotReferred,Null,False,False,False,False,True,True,,False,False,True,False,False,False,4,0,0,0,0,True,False,237.0,178.0,
1628493,2,10.0,6,0,0,20,0,6,76050,,39790,The Hundred 2026 – Men,2,1447,Manchester Super Giants Men,931,Trent Rockets Men,8695900,2026-08-16T18:43:23Z,5,10,False,,,,456,Craig Overton,1838,Tim Seifert,2692,Paul Walter,Right,0,0,0,0,,LengthBall,OffStump,,None,FrontFoot,Drive,NoMovement,Over,Medium,Right,Null,NotReferred,Null,False,False,False,False,False,True,,False,False,True,False,False,False,0,0,0,0,0,False,False,285.0,88.0,Mid On
1628494,3,7.67,3,0,0,23,0,3,76050,,39790,The Hundred 2026 – Men,2,1447,Manchester Super Giants Men,931,Trent Rockets Men,8695901,2026-08-16T18:44:16Z,1,11,False,,,,77,Ben Sanderson,2692,Paul Walter,1838,Tim Seifert,Left,0,0,0,0,,LengthBall,LegStump,,MisTimed,FrontFoot,Flick,NoMovement,Over,Medium,Right,Null,NotReferred,Null,False,False,False,False,False,True,,False,False,True,False,False,False,0,0,0,0,0,False,False,241.0,82.0,Mid On
1628494,3,7.67,3,0,0,23,0,3,76050,,39790,The Hundred 2026 – Men,2,1447,Manchester Super Giants Men,931,Trent Rockets Men,8695902,2026-08-16T18:44:45Z,2,12,False,,,,77,Ben Sanderson,2692,Paul Walter,1838,Tim Seifert,Left,1,0,1,1,,LengthBall,LegStump,,None,BackFoot,Flick,NoMovement,Over,Medium,Right,Null,NotReferred,Null,False,False,False,False,False,True,,False,False,True,False,False,False,1,0,0,0,0,False,False,238.0,83.0,Mid On
1628494,3,7.67,3,0,0,23,0,3,76050,,39790,The Hundred 2026 – Men,2,1447,Manchester Super Giants Men,931,Trent Rockets Men,8695903,2026-08-16T18:45:29Z,3,13,False,,,,77,Ben Sanderson,1838,Tim Seifert,2692,Paul Walter,Right,0,0,0,0,,LengthBall,OutsideOff,,None,BackFoot,Worked,NoMovement,Over,Medium,Right,Null,NotReferred,Null,False,False,False,False,False,True,,False,False,True,False,False,False,0,0,0,0,0,False,False,331.0,75.0,Square Leg
1628494,3,7.67,3,0,0,23,0,3,76050,,39790,The Hundred 2026 – Men,2,1447,Manchester Super Giants Men,931,Trent Rockets Men,8695904,2026-08-16T18:45:56Z,4,14,False,,,,77,Ben Sanderson,1838,Tim Seifert,2692,Paul Walter,Right,1,0,1,1,,BackOfALength,OutsideOff,,MisTimed,BacksAway,Cut,SeamIn,Over,Medium,Right,Null,NotReferred,Null,False,False,False,False,False,True,,False,False,True,False,False,False,1,0,0,0,0,False,False,250.0,38.0,Bowler
1628494,3,7.67,3,0,0,23,0,3,76050,,39790,The Hundred 2026 – Men,2,1447,Manchester Super Giants Men,931,Trent Rockets Men,8695905,2026-08-16T18:46:41Z,5,15,False,,,,77,Ben Sanderson,2692,Paul Walter,1838,Tim Seifert,Left,1,0,1,1,,LengthBall,LegStump,,MisTimed,FrontFoot,Slog,NoMovement,Over,Medium,Right,Null,NotReferred,Null,False,False,False,False,False,True,,False,False,True,False,False,False,1,0,0,0,0,False,False,174.0,118.0,Deep Backward Square Leg
1628495,4,7.75,8,0,0,31,0,8,76050,,39790,The Hundred 2026 – Men,2,1447,Manchester Super Giants Men,931,Trent Rockets Men,8695906,2026-08-16T18:47:26Z,1,16,False,,,,456,Craig Overton,1838,Tim Seifert,2692,Paul Walter,Right,1,0,1,1,,LengthBall,OutsideOff,,None,FrontFoot,Pushed,NoMovement,Over,Medium,Right,Null,NotReferred,Null,False,False,False,False,False,True,,False,False,True,False,False,False,1,0,0,0,0,False,False,289.0,134.0,Long On
1628495,4,7.75,8,0,0,31,0,8,76050,,39790,The Hundred 2026 – Men,2,1447,Manchester Super Giants Men,931,Trent Rockets Men,8695907,2026-08-16T18:47:55Z,2,17,False,,,,456,Craig Overton,2692,Paul Walter,1838,Tim Seifert,Left,0,0,0,0,,LengthBall,DownLeg,,HitPad,FrontFoot,Flick,NoMovement,Over,Medium,Right,Null,NotReferred,Null,False,False,False,False,False,True,,False,False,True,False,False,False,0,0,0,0,0,False,False,,,Bowler
1628495,4,7.75,8,0,0,31,0,8,76050,,39790,The Hundred 2026 – Men,2,1447,Manchester Super Giants Men,931,Trent Rockets Men,8695908,2026-08-16T18:48:28Z,3,18,False,,,,456,Craig Overton,2692,Paul Walter,1838,Tim Seifert,Left,6,0,6,6,,HalfVolley,LegStump,,WellTimed,DeepInCrease,Slog,NoMovement,Over,Medium,Right,Null,NotReferred,Null,False,False,False,False,True,True,,False,False,True,False,False,False,6,0,0,0,0,True,False,235.0,178.0,
1628495,4,7.75,8,0,0,31,0,8,76050,,39790,The Hundred 2026 – Men,2,1447,Manchester Super Giants Men,931,Trent Rockets Men,8695909,2026-08-16T18:49:02Z,4,19,False,,,,456,Craig Overton,2692,Paul Walter,1838,Tim Seifert,Left,1,0,1,1,,LengthBall,WideDownLeg,,MisTimed,BacksAway,Pull,NoMovement,Over,Medium,Right,Null,NotReferred,Null,False,False,False,False,False,True,,False,False,True,False,False,False,1,0,0,0,0,False,False,148.0,119.0,Fine Leg
1628495,4,7.75,8,0,0,31,0,8,76050,,39790,The Hundred 2026 – Men,2,1447,Manchester Super Giants Men,931,Trent Rockets Men,8695910,2026-08-16T18:49:35Z,5,20,False,,,,456,Craig Overton,1838,Tim Seifert,2692,Paul Walter,Right,0,0,0,0,,BackOfALength,OutsideOff,,Missed,BacksAway,Cut,NoMovement,Over,Medium,Right,Null,NotReferred,Null,False,False,False,False,False,True,,False,False,True,False,False,False,0,0,0,0,0,False,False,,,Wicketkeeper
1628496,5,9.6,17,0,0,48,0,17,76050,,39790,The Hundred 2026 – Men,2,1447,Manchester Super Giants Men,931,Trent Rockets Men,8695911,2026-08-16T18:50:35Z,1,21,False,,,,77,Ben Sanderson,2692,Paul Walter,1838,Tim Seifert,Left,4,0,4,4,,LengthBall,OffStump,,WellTimed,DeepInCrease,Slog,OffCutter,Over,Medium,Right,Null,NotReferred,Null,False,False,False,False,True,True,,False,False,True,False,False,False,4,0,0,0,0,True,False,231.0,178.0,
1628496,5,9.6,17,0,0,48,0,17,76050,,39790,The Hundred 2026 – Men,2,1447,Manchester Super Giants Men,931,Trent Rockets Men,8695912,2026-08-16T18:51:15Z,2,22,False,,,,77,Ben Sanderson,2692,Paul Walter,1838,Tim Seifert,Left,4,0,4,4,,LengthBall,WideDownLeg,,InsideEdge,BacksAway,Flick,NoMovement,Over,Medium,Right,Null,NotReferred,Null,False,False,False,False,False,True,,False,False,True,False,False,False,4,0,0,0,0,True,False,97.0,160.0,
1628496,5,9.6,17,0,0,48,0,17,76050,,39790,The Hundred 2026 – Men,2,1447,Manchester Super Giants Men,931,Trent Rockets Men,8695913,2026-08-16T18:51:50Z,3,23,False,,,,77,Ben Sanderson,2692,Paul Walter,1838,Tim Seifert,Left,2,0,2,2,,BackOfALength,LegStump,,MisTimed,BackFoot,Pull,NoMovement,Over,Medium,Right,Null,NotReferred,Null,False,False,False,False,False,True,,False,False,True,False,False,False,2,0,0,0,0,False,False,148.0,149.0,Fine Leg
1628496,5,9.6,17,0,0,48,0,17,76050,,39790,The Hundred 2026 – Men,2,1447,Manchester Super Giants Men,931,Trent Rockets Men,8695914,2026-08-16T18:52:22Z,4,24,False,,,,77,Ben Sanderson,2692,Paul Walter,1838,Tim Seifert,Left,1,0,1,1,,BackOfALength,LegStump,,MisTimed,BackFoot,Pull,NoMovement,Over,Medium,Right,Null,NotReferred,Null,False,False,False,False,False,True,,False,False,True,False,False,False,1,0,0,0,0,False,False,229.0,77.0,Mid Wicket
1628496,5,9.6,17,0,0,48,0,17,76050,,39790,The Hundred 2026 – Men,2,1447,Manchester Super Giants Men,931,Trent Rockets Men,8695915,2026-08-16T18:53:00Z,5,25,False,,,,77,Ben Sanderson,1838,Tim Seifert,2692,Paul Walter,Right,6,0,6,6,,LengthBall,OutsideOff,,Middled,FrontFoot,Slog,NoMovement,Over,Medium,Right,Null,NotReferred,Null,False,False,False,False,True,True,,False,False,True,False,False,False,6,0,0,0,0,True,False,337.0,174.0,
1628497,6,11.0,18,0,0,66,0,18,76050,,39790,The Hundred 2026 – Men,2,1447,Manchester Super Giants Men,931,Trent Rockets Men,8695916,2026-08-16T18:54:26Z,1,26,False,,,,456,Craig Overton,1838,Tim Seifert,2692,Paul Walter,Right,6,0,6,6,,LengthBall,OutsideOff,,Middled,DeepInCrease,Slog,NoMovement,Over,Medium,Right,Null,NotReferred,Null,False,False,False,False,True,True,,False,False,False,False,False,False,6,0,0,0,0,True,False,278.0,180.0,
1628497,6,11.0,18,0,0,66,0,18,76050,,39790,The Hundred 2026 – Men,2,1447,Manchester Super Giants Men,931,Trent Rockets Men,8695917,2026-08-16T18:55:00Z,2,27,False,,,,456,Craig Overton,1838,Tim Seifert,2692,Paul Walter,Right,6,0,6,6,,LengthBall,OffStump,Caught,WellTimed,DeepInCrease,Pull,NoMovement,Over,Medium,Right,Null,OutReviewRetained,Null,False,False,False,False,True,True,1825.0,False,False,False,False,False,True,6,0,0,0,0,True,False,336.0,174.0,
1628497,6,11.0,18,0,0,66,0,18,76050,,39790,The Hundred 2026 – Men,2,1447,Manchester Super Giants Men,931,Trent Rockets Men,8695918,2026-08-16T18:57:59Z,3,28,False,,,,456,Craig Overton,1838,Tim Seifert,2692,Paul Walter,Right,4,0,4,4,,LengthBall,OutsideOff,,Middled,BackFoot,Drive,NoMovement,Over,Medium,Right,Null,NotReferred,Null,False,False,False,False,False,True,,False,False,False,False,False,False,4,0,0,0,0,True,False,227.0,177.0,
1628497,6,11.0,18,0,0,66,0,18,76050,,39790,The Hundred 2026 – Men,2,1447,Manchester Super Giants Men,931,Trent Rockets Men,8695919,2026-08-16T18:58:34Z,4,29,False,,,,456,Craig Overton,1838,Tim Seifert,2692,Paul Walter,Right,1,0,1,1,,LengthBall,OutsideOff,,None,FrontFoot,Flick,NoMovement,Over,Medium,Right,Null,NotReferred,Null,False,False,False,False,False,True,,False,False,False,False,False,False,1,0,0,0,0,False,False,315.0,121.0,Deep Mid Wicket
1628497,6,11.0,18,0,0,66,0,18,76050,,39790,The Hundred 2026 – Men,2,1447,Manchester Super Giants Men,931,Trent Rockets Men,8695920,2026-08-16T18:59:06Z,5,30,False,,,,456,Craig Overton,2692,Paul Walter,1838,Tim Seifert,Left,1,0,1,1,,BackOfALength,DownLeg,,None,DownTheTrack,LateCut,NoMovement,Over,Medium,Right,Null,NotReferred,Null,False,False,False,False,False,True,,False,False,False,False,False,False,1,0,0,0,0,False,False,30.0,107.0,Deep Backward Point
1628498,7,10.0,4,1,0,70,1,4,76050,,39790,The Hundred 2026 – Men,2,1447,Manchester Super Giants Men,931,Trent Rockets Men,8695921,2026-08-16T19:00:17Z,1,31,True,Caught,2692.0,Paul Walter,2501,Calvin Harrison,2692,Paul Walter,1838,Tim Seifert,Left,0,0,0,0,Caught,LengthBall,MiddleStump,Caught,WellTimed,FrontFoot,SlogSweep,LegSpinner,Over,LegSpin,Right,Null,NotReferred,Null,False,False,False,False,True,True,1812.0,False,False,False,False,False,False,0,0,0,0,0,False,False,203.0,152.0,Deep Square Leg
1628498,7,10.0,4,1,0,70,1,4,76050,,39790,The Hundred 2026 – Men,2,1447,Manchester Super Giants Men,931,Trent Rockets Men,8695922,2026-08-16T19:02:01Z,2,32,False,,,,2501,Calvin Harrison,197,Jos Buttler,1838,Tim Seifert,Right,1,0,1,1,,LengthBall,OutsideOff,,MisTimed,FrontFoot,Slog,LegSpinner,Over,LegSpin,Right,Null,NotReferred,Null,False,False,False,False,False,True,,False,False,False,False,False,False,1,0,0,0,0,False,False,335.0,137.0,Deep Square Leg
1628498,7,10.0,4,1,0,70,1,4,76050,,39790,The Hundred 2026 – Men,2,1447,Manchester Super Giants Men,931,Trent Rockets Men,8695923,2026-08-16T19:03:54Z,3,33,False,,,,2501,Calvin Harrison,1838,Tim Seifert,197,Jos Buttler,Right,1,0,1,1,,LengthBall,MiddleStump,,None,BackFoot,Pull,Slider,Over,LegSpin,Right,Null,NotReferred,Null,False,False,False,False,False,True,,False,False,False,False,False,False,1,0,0,0,0,False,False,333.0,134.0,Deep Square Leg
1628498,7,10.0,4,1,0,70,1,4,76050,,39790,The Hundred 2026 – Men,2,1447,Manchester Super Giants Men,931,Trent Rockets Men,8695924,2026-08-16T19:04:17Z,4,34,False,,,,2501,Calvin Harrison,197,Jos Buttler,1838,Tim Seifert,Right,0,0,0,0,,BackOfALength,LegStump,,None,FrontFoot,ForwardDefensive,QuickerBall,Over,LegSpin,Right,Null,NotReferred,Null,False,False,False,False,False,True,,False,False,False,False,False,False,0,0,0,0,0,False,False,235.0,25.0,Wicketkeeper
1628498,7,10.0,4,1,0,70,1,4,76050,,39790,The Hundred 2026 – Men,2,1447,Manchester Super Giants Men,931,Trent Rockets Men,8695925,2026-08-16T19:04:36Z,5,35,False,,,,2501,Calvin Harrison,197,Jos Buttler,1838,Tim Seifert,Right,2,0,2,2,,LengthBall,LegStump,,None,FrontFoot,Sweep,LegSpinner,Over,LegSpin,Right,Null,NotReferred,Null,False,False,False,False,False,True,,False,False,False,False,False,False,2,0,0,0,0,False,False,66.0,118.0,Fine Leg
1628499,8,9.0,2,0,0,72,1,2,76050,,39790,The Hundred 2026 – Men,2,1447,Manchester Super Giants Men,931,Trent Rockets Men,8695926,2026-08-16T19:05:41Z,1,36,False,,,,1027,Mitch Santner,197,Jos Buttler,1838,Tim Seifert,Right,0,0,0,0,,LengthBall,MiddleStump,,None,BackFoot,Worked,StockBall,Round,Orthodox,Left,Null,NotReferred,Null,False,False,False,False,False,True,,False,False,False,False,False,False,0,0,0,0,0,False,False,327.0,63.0,Mid Wicket
1628499,8,9.0,2,0,0,72,1,2,76050,,39790,The Hundred 2026 – Men,2,1447,Manchester Super Giants Men,931,Trent Rockets Men,8695927,2026-08-16T19:06:00Z,2,37,False,,,,1027,Mitch Santner,197,Jos Buttler,1838,Tim Seifert,Right,1,0,1,1,,LengthBall,OutsideOff,,None,BackFoot,Drive,QuickerBall,Round,Orthodox,Left,Null,NotReferred,Null,False,False,False,False,False,True,,False,False,False,False,False,False,1,0,0,0,0,False,False,206.0,74.0,Cover
1628499,8,9.0,2,0,0,72,1,2,76050,,39790,The Hundred 2026 – Men,2,1447,Manchester Super Giants Men,931,Trent Rockets Men,8695928,2026-08-16T19:06:24Z,3,38,False,,,,1027,Mitch Santner,1838,Tim Seifert,197,Jos Buttler,Right,0,0,0,0,,BackOfALength,OutsideOff,,MisTimed,BackFoot,Drive,StockBall,Round,Orthodox,Left,Null,NotReferred,Null,False,False,False,False,False,True,,False,False,False,False,False,False,0,0,0,0,0,False,False,271.0,41.0,Bowler
1628499,8,9.0,2,0,0,72,1,2,76050,,39790,The Hundred 2026 – Men,2,1447,Manchester Super Giants Men,931,Trent Rockets Men,8695929,2026-08-16T19:06:42Z,4,39,False,,,,1027,Mitch Santner,1838,Tim Seifert,197,Jos Buttler,Right,0,0,0,0,,LengthBall,MiddleStump,,MisTimed,BacksAway,Cut,StockBall,Round,Orthodox,Left,Null,NotReferred,Null,False,False,False,False,False,True,,False,False,False,False,False,False,0,0,0,0,0,False,False,269.0,35.0,Bowler
1628499,8,9.0,2,0,0,72,1,2,76050,,39790,The Hundred 2026 – Men,2,1447,Manchester Super Giants Men,931,Trent Rockets Men,8695930,2026-08-16T19:06:59Z,5,40,False,,,,1027,Mitch Santner,1838,Tim Seifert,197,Jos Buttler,Right,1,0,1,1,,LengthBall,OffStump,,WellTimed,BackFoot,Pull,StockBall,Round,Orthodox,Left,Null,NotReferred,Null,False,False,False,False,False,True,,False,False,False,False,False,False,1,0,0,0,0,False,False,335.0,128.0,Deep Square Leg
1628500,9,9.44,13,0,0,85,1,13,76050,,39790,The Hundred 2026 – Men,2,1447,Manchester Super Giants Men,931,Trent Rockets Men,8695931,2026-08-16T19:08:05Z,1,41,False,,,,2501,Calvin Harrison,1838,Tim Seifert,197,Jos Buttler,Right,0,0,0,0,,LengthBall,MiddleStump,,InsideEdge,FrontFoot,SlogSweep,LegSpinner,Over,LegSpin,Right,Null,NotReferred,Null,False,False,False,False,False,True,,False,False,False,False,False,False,0,0,0,0,0,False,False,271.0,32.0,Wicketkeeper
1628500,9,9.44,13,0,0,85,1,13,76050,,39790,The Hundred 2026 – Men,2,1447,Manchester Super Giants Men,931,Trent Rockets Men,8695932,2026-08-16T19:08:26Z,2,42,False,,,,2501,Calvin Harrison,1838,Tim Seifert,197,Jos Buttler,Right,6,0,6,6,,Short,MiddleStump,,Middled,DeepInCrease,Pull,Googly,Over,LegSpin,Right,Null,NotReferred,Null,False,False,False,False,True,True,,False,False,False,False,False,False,6,0,0,0,0,True,False,5.0,169.0,
1628500,9,9.44,13,0,0,85,1,13,76050,,39790,The Hundred 2026 – Men,2,1447,Manchester Super Giants Men,931,Trent Rockets Men,8695933,2026-08-16T19:09:05Z,3,43,False,,,,2501,Calvin Harrison,1838,Tim Seifert,197,Jos Buttler,Right,1,0,1,1,,LengthBall,LegStump,,MisTimed,FrontFoot,SlogSweep,LegSpinner,Over,LegSpin,Right,Null,NotReferred,Null,False,False,False,False,False,True,,False,False,False,False,False,False,1,0,0,0,0,False,False,45.0,80.0,Short Fine Leg
1628500,9,9.44,13,0,0,85,1,13,76050,,39790,The Hundred 2026 – Men,2,1447,Manchester Super Giants Men,931,Trent Rockets Men,8695934,2026-08-16T19:09:35Z,4,44,False,,,,2501,Calvin Harrison,197,Jos Buttler,1838,Tim Seifert,Right,6,0,6,6,,HalfVolley,MiddleStump,,Middled,FrontFoot,Slog,LegSpinner,Over,LegSpin,Right,Null,NotReferred,Null,False,False,False,False,True,True,,False,False,False,False,False,False,6,0,0,0,0,True,False,297.0,179.0,
1628500,9,9.44,13,0,0,85,1,13,76050,,39790,The Hundred 2026 – Men,2,1447,Manchester Super Giants Men,931,Trent Rockets Men,8695935,2026-08-16T19:10:09Z,5,45,False,,,,2501,Calvin Harrison,197,Jos Buttler,1838,Tim Seifert,Right,0,0,0,0,,LengthBall,MiddleStump,,None,BackFoot,Pushed,QuickerBall,Over,LegSpin,Right,Null,NotReferred,Null,False,False,False,False,False,True,,False,False,False,False,False,False,0,0,0,0,0,False,False,258.0,39.0,Bowler
1628501,10,8.7,2,0,0,87,1,2,76050,,39790,The Hundred 2026 – Men,2,1447,Manchester Super Giants Men,931,Trent Rockets Men,8695936,2026-08-16T19:10:54Z,1,46,False,,,,1027,Mitch Santner,197,Jos Buttler,1838,Tim Seifert,Right,0,0,0,0,,LengthBall,Wide,,None,BackFoot,Cut,StockBall,Round,Orthodox,Left,Null,NotReferred,Null,False,False,False,False,False,True,,False,False,False,False,False,False,0,0,0,0,0,False,False,221.0,64.0,Extra Cover
1628501,10,8.7,2,0,0,87,1,2,76050,,39790,The Hundred 2026 – Men,2,1447,Manchester Super Giants Men,931,Trent Rockets Men,8695937,2026-08-16T19:11:12Z,2,47,False,,,,1027,Mitch Santner,197,Jos Buttler,1838,Tim Seifert,Right,1,0,1,1,,HalfVolley,OutsideOff,,WellTimed,FrontFoot,Drive,StockBall,Round,Orthodox,Left,Null,NotReferred,Null,False,False,False,False,False,True,,False,False,False,False,False,False,1,0,0,0,0,False,False,247.0,149.0,Long Off
1628501,10,8.7,2,0,0,87,1,2,76050,,39790,The Hundred 2026 – Men,2,1447,Manchester Super Giants Men,931,Trent Rockets Men,8695938,2026-08-16T19:11:36Z,3,48,False,,,,1027,Mitch Santner,1838,Tim Seifert,197,Jos Buttler,Right,0,0,0,0,,LengthBall,Wide,,Missed,FrontFoot,SlogSweep,StockBall,Round,Orthodox,Left,Null,NotReferred,Null,False,False,False,False,False,True,,False,False,False,False,False,False,0,0,0,0,0,False,False,,,Wicketkeeper
1628501,10,8.7,2,0,0,87,1,2,76050,,39790,The Hundred 2026 – Men,2,1447,Manchester Super Giants Men,931,Trent Rockets Men,8695939,2026-08-16T19:11:55Z,4,49,False,,,,1027,Mitch Santner,1838,Tim Seifert,197,Jos Buttler,Right,1,0,1,1,,FullToss,OutsideOff,,WellTimed,FrontFoot,Drive,StockBall,Round,Orthodox,Left,Null,NotReferred,Null,False,False,False,False,False,True,,False,False,False,False,False,False,1,0,0,0,0,False,False,245.0,138.0,Long Off
1628501,10,8.7,2,0,0,87,1,2,76050,,39790,The Hundred 2026 – Men,2,1447,Manchester Super Giants Men,931,Trent Rockets Men,8695940,2026-08-16T19:12:15Z,5,50,False,,,,1027,Mitch Santner,197,Jos Buttler,1838,Tim Seifert,Right,0,0,0,0,,LengthBall,OutsideOff,,None,BackFoot,Cut,ArmBall,Round,Orthodox,Left,Null,NotReferred,Null,False,False,False,False,False,True,,False,False,False,False,False,False,0,0,0,0,0,False,False,168.0,69.0,Backward Point
1628502,11,9.09,13,1,0,100,2,13,76050,,39790,The Hundred 2026 – Men,2,1447,Manchester Super Giants Men,931,Trent Rockets Men,8695941,2026-08-16T19:13:18Z,1,51,False,,,,2501,Calvin Harrison,1838,Tim Seifert,197,Jos Buttler,Right,1,0,1,1,,BackOfALength,MiddleStump,,MisTimed,BacksAway,Cut,LegSpinner,Over,LegSpin,Right,Null,NotReferred,Null,False,False,False,False,False,True,,False,False,False,False,False,False,1,0,0,0,0,False,False,250.0,123.0,Long Off
1628502,11,9.09,13,1,0,100,2,13,76050,,39790,The Hundred 2026 – Men,2,1447,Manchester Super Giants Men,931,Trent Rockets Men,8695942,2026-08-16T19:13:42Z,2,52,False,,,,2501,Calvin Harrison,197,Jos Buttler,1838,Tim Seifert,Right,0,0,0,0,,BackOfALength,OffStump,,Missed,BackFoot,Cut,LegSpinner,Over,LegSpin,Right,Null,NotReferred,Null,False,False,False,False,False,True,,False,False,False,False,False,False,0,0,0,0,0,False,False,,,Wicketkeeper
1628502,11,9.09,13,1,0,100,2,13,76050,,39790,The Hundred 2026 – Men,2,1447,Manchester Super Giants Men,931,Trent Rockets Men,8695943,2026-08-16T19:14:02Z,3,53,False,,,,2501,Calvin Harrison,197,Jos Buttler,1838,Tim Seifert,Right,6,0,6,6,,LengthBall,DownLeg,,Middled,FrontFoot,Slog,LegSpinner,Over,LegSpin,Right,Null,NotReferred,Null,False,False,False,False,True,True,,False,False,False,False,False,False,6,0,0,0,0,True,False,348.0,172.0,
1628502,11,9.09,13,1,0,100,2,13,76050,,39790,The Hundred 2026 – Men,2,1447,Manchester Super Giants Men,931,Trent Rockets Men,8695944,2026-08-16T19:14:39Z,4,54,False,,,,2501,Calvin Harrison,197,Jos Buttler,1838,Tim Seifert,Right,6,0,6,6,,Short,OffStump,,Middled,BackFoot,Pull,LegSpinner,Over,LegSpin,Right,Null,NotReferred,Null,False,False,False,False,True,True,,False,False,False,False,False,False,6,0,0,0,0,True,False,296.0,179.0,
1628502,11,9.09,13,1,0,100,2,13,76050,,39790,The Hundred 2026 – Men,2,1447,Manchester Super Giants Men,931,Trent Rockets Men,8695945,2026-08-16T19:17:39Z,5,55,True,Caught,197.0,Jos Buttler,2501,Calvin Harrison,197,Jos Buttler,1838,Tim Seifert,Right,0,0,0,0,Caught,HalfVolley,MiddleStump,Caught,MisTimed,DeepInCrease,Drive,LegSpinner,Over,LegSpin,Right,Null,NotReferred,Null,False,False,False,False,False,True,1812.0,False,False,False,False,False,False,0,0,0,0,0,False,True,248.0,147.0,Long Off
1628503,12,8.92,7,0,0,107,2,7,76050,,39790,The Hundred 2026 – Men,2,1447,Manchester Super Giants Men,931,Trent Rockets Men,8695946,2026-08-16T19:19:12Z,1,56,False,,,,574,Mohammad Amir,2680,Leus du Plooy,1838,Tim Seifert,Left,0,0,0,0,,LengthBall,OutsideOff,,Missed,BackFoot,Flick,NoMovement,Over,FastSeam,Left,Null,NotReferred,Null,False,False,False,False,False,True,,False,False,False,False,False,False,0,0,0,0,0,False,False,,,Wicketkeeper
1628503,12,8.92,7,0,0,107,2,7,76050,,39790,The Hundred 2026 – Men,2,1447,Manchester Super Giants Men,931,Trent Rockets Men,8695947,2026-08-16T19:19:41Z,2,57,False,,,,574,Mohammad Amir,2680,Leus du Plooy,1838,Tim Seifert,Left,1,0,1,1,,LengthBall,OutsideOff,,WellTimed,MovesInfront,Flick,NoMovement,Over,FastSeam,Left,Null,NotReferred,Null,False,False,False,False,False,True,,False,False,False,False,False,False,1,0,0,0,0,False,False,178.0,124.0,Deep Backward Square Leg
1628503,12,8.92,7,0,0,107,2,7,76050,,39790,The Hundred 2026 – Men,2,1447,Manchester Super Giants Men,931,Trent Rockets Men,8695948,2026-08-16T19:20:19Z,3,58,False,,,,574,Mohammad Amir,1838,Tim Seifert,2680,Leus du Plooy,Right,1,0,1,1,,BackOfALength,MiddleStump,,MisTimed,BackFoot,Pull,NoMovement,Over,FastSeam,Left,Null,NotReferred,Null,False,False,False,False,False,True,,False,False,False,False,False,False,1,0,0,0,0,False,False,279.0,39.0,Bowler
1628503,12,8.92,7,0,0,107,2,7,76050,,39790,The Hundred 2026 – Men,2,1447,Manchester Super Giants Men,931,Trent Rockets Men,8695949,2026-08-16T19:20:51Z,4,59,False,,,,574,Mohammad Amir,2680,Leus du Plooy,1838,Tim Seifert,Left,4,0,4,4,,LengthBall,OffStump,,None,MovesInfront,Glance,NoMovement,Over,FastSeam,Left,Null,NotReferred,Null,False,False,False,False,False,True,,False,False,False,False,False,False,4,0,0,0,0,True,False,106.0,160.0,
1628503,12,8.92,7,0,0,107,2,7,76050,,39790,The Hundred 2026 – Men,2,1447,Manchester Super Giants Men,931,Trent Rockets Men,8695950,2026-08-16T19:21:26Z,5,60,False,,,,574,Mohammad Amir,2680,Leus du Plooy,1838,Tim Seifert,Left,1,0,1,1,,LengthBall,OutsideOff,,ThickEdge,MovesInfront,Drive,OffCutter,Over,FastSeam,Left,Null,NotReferred,Null,False,False,False,False,False,True,,False,False,False,False,False,False,1,0,0,0,0,False,False,64.0,125.0,Third Man
1628504,13,8.54,4,0,0,111,2,4,76050,,39790,The Hundred 2026 – Men,2,1447,Manchester Super Giants Men,931,Trent Rockets Men,8695951,2026-08-16T19:22:42Z,1,61,False,,,,1027,Mitch Santner,2680,Leus du Plooy,1838,Tim Seifert,Left,0,0,0,0,,LengthBall,OutsideOff,,MisTimed,BackFoot,Cut,QuickerBall,Round,Orthodox,Left,Null,NotReferred,Null,False,False,False,False,False,True,,False,False,False,False,False,False,0,0,0,0,0,False,False,347.0,46.0,Wicketkeeper
1628504,13,8.54,4,0,0,111,2,4,76050,,39790,The Hundred 2026 – Men,2,1447,Manchester Super Giants Men,931,Trent Rockets Men,8695952,2026-08-16T19:23:05Z,2,62,False,,,,1027,Mitch Santner,2680,Leus du Plooy,1838,Tim Seifert,Left,0,0,0,0,,LengthBall,OutsideOff,,Missed,MovesInfront,Cut,QuickerBall,Round,Orthodox,Left,Null,NotReferred,Null,False,False,False,False,False,True,,False,False,False,False,False,False,0,0,0,0,0,False,False,,,Wicketkeeper
1628504,13,8.54,4,0,0,111,2,4,76050,,39790,The Hundred 2026 – Men,2,1447,Manchester Super Giants Men,931,Trent Rockets Men,8695953,2026-08-16T19:23:22Z,3,63,False,,,,1027,Mitch Santner,2680,Leus du Plooy,1838,Tim Seifert,Left,1,0,1,1,,HalfVolley,OutsideOff,,WellTimed,FrontFoot,Flick,StockBall,Round,Orthodox,Left,Null,NotReferred,Null,False,False,False,False,False,True,,False,False,False,False,False,False,1,0,0,0,0,False,False,212.0,117.0,Deep Mid Wicket
1628504,13,8.54,4,0,0,111,2,4,76050,,39790,The Hundred 2026 – Men,2,1447,Manchester Super Giants Men,931,Trent Rockets Men,8695954,2026-08-16T19:23:58Z,4,64,False,,,,1027,Mitch Santner,1838,Tim Seifert,2680,Leus du Plooy,Right,1,0,1,1,,HalfVolley,OutsideOff,,WellTimed,FrontFoot,Drive,StockBall,Round,Orthodox,Left,Null,NotReferred,Null,False,False,False,False,False,True,,False,False,False,False,False,False,1,0,0,0,0,False,False,240.0,136.0,Long Off
1628504,13,8.54,4,0,0,111,2,4,76050,,39790,The Hundred 2026 – Men,2,1447,Manchester Super Giants Men,931,Trent Rockets Men,8695955,2026-08-16T19:24:27Z,5,65,False,,,,1027,Mitch Santner,2680,Leus du Plooy,1838,Tim Seifert,Left,1,1,1,0,,BackOfALength,OutsideOff,,Left,FrontFoot,Leave,QuickerBall,Round,Orthodox,Left,Null,NotReferred,Null,True,False,False,False,False,True,,False,False,False,False,False,False,1,0,1,0,0,False,False,,,Wicketkeeper
1628504,13,8.54,4,0,0,111,2,4,76050,,39790,The Hundred 2026 – Men,2,1447,Manchester Super Giants Men,931,Trent Rockets Men,8695956,2026-08-16T19:24:43Z,5,66,False,,,,1027,Mitch Santner,2680,Leus du Plooy,1838,Tim Seifert,Left,1,0,1,1,,HalfVolley,OffStump,,WellTimed,FrontFoot,Flick,StockBall,Round,Orthodox,Left,Null,NotReferred,Null,False,False,False,False,False,True,,False,False,False,False,False,False,1,0,0,0,0,False,False,217.0,122.0,Deep Mid Wicket
1628505,14,8.71,11,0,0,122,2,11,76050,,39790,The Hundred 2026 – Men,2,1447,Manchester Super Giants Men,931,Trent Rockets Men,8695957,2026-08-16T19:26:13Z,1,67,False,,,,7,Lewis Gregory,1838,Tim Seifert,2680,Leus du Plooy,Right,1,0,1,1,,BackOfALength,OutsideOff,,Middled,BackFoot,Pull,NoMovement,Over,Medium,Right,Null,NotReferred,Null,False,False,False,False,False,True,,False,False,False,False,False,False,1,0,0,0,0,False,False,324.0,144.0,Deep Mid Wicket
1628505,14,8.71,11,0,0,122,2,11,76050,,39790,The Hundred 2026 – Men,2,1447,Manchester Super Giants Men,931,Trent Rockets Men,8695958,2026-08-16T19:26:57Z,2,68,False,,,,7,Lewis Gregory,2680,Leus du Plooy,1838,Tim Seifert,Left,4,0,4,4,,LengthBall,DownLeg,,Middled,DeepInCrease,Pull,NoMovement,Over,Medium,Right,Null,NotReferred,Null,False,False,False,False,True,True,,False,False,False,False,False,False,4,0,0,0,0,True,False,149.0,165.0,
1628505,14,8.71,11,0,0,122,2,11,76050,,39790,The Hundred 2026 – Men,2,1447,Manchester Super Giants Men,931,Trent Rockets Men,8695959,2026-08-16T19:27:34Z,3,69,False,,,,7,Lewis Gregory,2680,Leus du Plooy,1838,Tim Seifert,Left,1,0,1,1,,BackOfALength,DownLeg,,None,BackFoot,Pull,NoMovement,Over,Medium,Right,Null,NotReferred,Null,False,False,False,False,False,True,,False,False,False,False,False,False,1,0,0,0,0,False,False,158.0,117.0,Deep Backward Square Leg
1628505,14,8.71,11,0,0,122,2,11,76050,,39790,The Hundred 2026 – Men,2,1447,Manchester Super Giants Men,931,Trent Rockets Men,8695960,2026-08-16T19:28:07Z,4,70,False,,,,7,Lewis Gregory,1838,Tim Seifert,2680,Leus du Plooy,Right,1,0,1,1,,LengthBall,OutsideOff,,MisTimed,FrontFoot,Slog,NoMovement,Over,Medium,Right,Null,NotReferred,Null,False,False,False,False,False,True,,False,False,False,False,False,False,1,0,0,0,0,False,True,323.0,122.0,Deep Mid Wicket
1628505,14,8.71,11,0,0,122,2,11,76050,,39790,The Hundred 2026 – Men,2,1447,Manchester Super Giants Men,931,Trent Rockets Men,8695961,2026-08-16T19:28:49Z,5,71,False,,,,7,Lewis Gregory,2680,Leus du Plooy,1838,Tim Seifert,Left,4,0,4,4,,BackOfALength,LegStump,,WellTimed,BackFoot,LateCut,NoMovement,Over,Medium,Right,Null,NotReferred,Null,False,False,False,False,False,True,,False,False,False,False,False,False,4,0,0,0,0,True,False,48.0,163.0,
1628506,15,8.93,12,0,0,134,2,12,76050,,39790,The Hundred 2026 – Men,2,1447,Manchester Super Giants Men,931,Trent Rockets Men,8695962,2026-08-16T19:30:02Z,1,72,False,,,,456,Craig Overton,1838,Tim Seifert,2680,Leus du Plooy,Right,0,0,0,0,,HalfVolley,OutsideOff,,MisTimed,FrontFoot,Drive,NoMovement,Over,Medium,Right,Null,NotReferred,Null,False,False,False,False,False,True,,False,False,False,False,False,False,0,0,0,0,0,False,False,260.0,37.0,Bowler
1628506,15,8.93,12,0,0,134,2,12,76050,,39790,The Hundred 2026 – Men,2,1447,Manchester Super Giants Men,931,Trent Rockets Men,8695963,2026-08-16T19:30:28Z,2,73,False,,,,456,Craig Overton,1838,Tim Seifert,2680,Leus du Plooy,Right,0,0,0,0,,BackOfALength,OutsideOff,,Missed,BackFoot,Pull,SeamAway,Over,Medium,Right,Null,NotReferred,Null,False,False,False,False,False,True,,False,False,False,False,False,False,0,0,0,0,0,False,False,,,Wicketkeeper
1628506,15,8.93,12,0,0,134,2,12,76050,,39790,The Hundred 2026 – Men,2,1447,Manchester Super Giants Men,931,Trent Rockets Men,8695964,2026-08-16T19:30:56Z,3,74,False,,,,456,Craig Overton,1838,Tim Seifert,2680,Leus du Plooy,Right,6,0,6,6,,LengthBall,Wide,,WellTimed,MovesInfront,Scoop,NoMovement,Over,Medium,Right,Null,NotReferred,Null,False,False,False,False,True,True,,False,False,False,False,False,False,6,0,0,0,0,True,False,70.0,161.0,
1628506,15,8.93,12,0,0,134,2,12,76050,,39790,The Hundred 2026 – Men,2,1447,Manchester Super Giants Men,931,Trent Rockets Men,8695965,2026-08-16T19:31:44Z,4,75,False,,,,456,Craig Overton,1838,Tim Seifert,2680,Leus du Plooy,Right,0,0,0,0,,LengthBall,Wide,,Missed,FrontFoot,Slog,NoMovement,Over,Medium,Right,Null,NotReferred,Null,False,False,False,False,False,True,,False,False,False,False,False,False,0,0,0,0,0,False,False,,,Wicketkeeper
1628506,15,8.93,12,0,0,134,2,12,76050,,39790,The Hundred 2026 – Men,2,1447,Manchester Super Giants Men,931,Trent Rockets Men,8695966,2026-08-16T19:32:11Z,5,76,False,,,,456,Craig Overton,1838,Tim Seifert,2680,Leus du Plooy,Right,6,0,6,6,,LengthBall,OutsideOff,,Middled,FrontFoot,Slog,NoMovement,Over,Medium,Right,Null,NotReferred,Null,False,False,False,False,True,True,,False,False,False,False,False,False,6,0,0,0,0,True,False,308.0,178.0,
1628507,16,8.62,4,1,0,138,3,4,76050,,39790,The Hundred 2026 – Men,2,1447,Manchester Super Giants Men,931,Trent Rockets Men,8695967,2026-08-16T19:33:19Z,1,77,False,,,,574,Mohammad Amir,1838,Tim Seifert,2680,Leus du Plooy,Right,1,0,1,1,,LengthBall,Wide,,WellTimed,BackFoot,Cut,OffCutter,Over,FastSeam,Left,Null,NotReferred,Null,False,False,False,False,True,True,,False,False,False,False,False,False,1,0,0,0,0,False,False,195.0,140.0,Deep Cover
1628507,16,8.62,4,1,0,138,3,4,76050,,39790,The Hundred 2026 – Men,2,1447,Manchester Super Giants Men,931,Trent Rockets Men,8695968,2026-08-16T19:34:18Z,2,78,False,,,,574,Mohammad Amir,2680,Leus du Plooy,1838,Tim Seifert,Left,1,0,1,1,,LengthBall,OutsideOff,,None,MovesInfront,Worked,NoMovement,Over,FastSeam,Left,Null,NotReferred,Null,False,False,False,False,False,True,,False,False,False,False,False,False,1,0,0,0,0,False,False,177.0,100.0,Deep Backward Square Leg
1628507,16,8.62,4,1,0,138,3,4,76050,,39790,The Hundred 2026 – Men,2,1447,Manchester Super Giants Men,931,Trent Rockets Men,8695969,2026-08-16T19:34:55Z,3,79,True,Caught,1838.0,Tim Seifert,574,Mohammad Amir,1838,Tim Seifert,2680,Leus du Plooy,Right,0,0,0,0,Caught,Yorker,Wide,Caught,BottomEdge,DeepInCrease,Cut,NoMovement,Over,FastSeam,Left,Null,OutReviewLost,Null,False,False,False,False,False,True,1812.0,False,False,False,False,False,True,0,0,0,0,0,False,True,97.0,21.0,Wicketkeeper
1628507,16,8.62,4,1,0,138,3,4,76050,,39790,The Hundred 2026 – Men,2,1447,Manchester Super Giants Men,931,Trent Rockets Men,8695970,2026-08-16T19:38:12Z,4,80,False,,,,574,Mohammad Amir,671,Heinrich Klaasen,2680,Leus du Plooy,Right,1,0,1,1,,BackOfALength,LegStump,,WellTimed,BackFoot,Drive,NoMovement,Over,FastSeam,Left,Null,NotReferred,Null,False,False,False,False,False,True,,False,False,False,False,False,False,1,0,0,0,0,False,False,239.0,83.0,Mid Off
1628507,16,8.62,4,1,0,138,3,4,76050,,39790,The Hundred 2026 – Men,2,1447,Manchester Super Giants Men,931,Trent Rockets Men,8695971,2026-08-16T19:38:48Z,5,81,False,,,,574,Mohammad Amir,2680,Leus du Plooy,671,Heinrich Klaasen,Left,1,0,1,1,,HalfVolley,OutsideOff,,WellTimed,FrontFoot,Pushed,NoMovement,Over,FastSeam,Left,Null,NotReferred,Null,False,False,False,False,False,True,,False,False,False,False,False,False,1,0,0,0,0,False,False,243.0,118.0,Long On
1628508,17,8.71,10,0,0,148,3,10,76050,,39790,The Hundred 2026 – Men,2,1447,Manchester Super Giants Men,931,Trent Rockets Men,8695972,2026-08-16T19:40:16Z,1,82,False,,,,7,Lewis Gregory,2680,Leus du Plooy,671,Heinrich Klaasen,Left,1,0,1,1,,Yorker,OutsideOff,,MisTimed,FrontFoot,Slog,NoMovement,Over,Medium,Right,Null,NotReferred,Null,False,False,False,False,False,True,,False,False,False,False,False,False,1,0,0,0,0,False,False,236.0,93.0,Mid On
1628508,17,8.71,10,0,0,148,3,10,76050,,39790,The Hundred 2026 – Men,2,1447,Manchester Super Giants Men,931,Trent Rockets Men,8695973,2026-08-16T19:41:15Z,2,83,False,,,,7,Lewis Gregory,671,Heinrich Klaasen,2680,Leus du Plooy,Right,2,0,2,2,,BackOfALength,OutsideOff,,WellTimed,BackFoot,Drive,NoMovement,Over,Medium,Right,Null,NotReferred,Null,False,False,False,False,False,True,,False,False,False,False,False,False,2,0,0,0,0,False,False,166.0,122.0,Deep Backward Point
1628508,17,8.71,10,0,0,148,3,10,76050,,39790,The Hundred 2026 – Men,2,1447,Manchester Super Giants Men,931,Trent Rockets Men,8695974,2026-08-16T19:41:53Z,3,84,False,,,,7,Lewis Gregory,671,Heinrich Klaasen,2680,Leus du Plooy,Right,1,0,1,1,,LengthBall,OutsideOff,,None,BackFoot,Pull,NoMovement,Over,Medium,Right,Null,NotReferred,Null,False,False,False,False,False,True,,False,False,False,False,False,False,1,0,0,0,0,False,False,10.0,126.0,Deep Backward Square Leg
1628508,17,8.71,10,0,0,148,3,10,76050,,39790,The Hundred 2026 – Men,2,1447,Manchester Super Giants Men,931,Trent Rockets Men,8695975,2026-08-16T19:42:27Z,4,85,False,,,,7,Lewis Gregory,2680,Leus du Plooy,671,Heinrich Klaasen,Left,2,0,2,2,,BackOfALength,MiddleStump,,WellTimed,MovesInfront,Pull,NoMovement,Over,Medium,Right,Null,NotReferred,Null,False,False,False,False,False,True,,False,False,False,False,False,False,2,0,0,0,0,False,False,215.0,126.0,Deep Mid Wicket
1628508,17,8.71,10,0,0,148,3,10,76050,,39790,The Hundred 2026 – Men,2,1447,Manchester Super Giants Men,931,Trent Rockets Men,8695976,2026-08-16T19:43:17Z,5,86,False,,,,7,Lewis Gregory,2680,Leus du Plooy,671,Heinrich Klaasen,Left,4,0,4,4,,Short,DownLeg,,WellTimed,MovesInfront,Hook,NoMovement,Over,Medium,Right,Null,NotReferred,Null,False,False,False,False,True,True,,False,False,False,False,False,False,4,0,0,0,0,True,False,113.0,161.0,
1628509,18,8.44,4,0,0,152,3,4,76050,,39790,The Hundred 2026 – Men,2,1447,Manchester Super Giants Men,931,Trent Rockets Men,8695977,2026-08-16T19:44:41Z,1,87,False,,,,77,Ben Sanderson,2680,Leus du Plooy,671,Heinrich Klaasen,Left,1,0,1,1,,LengthBall,OutsideOff,,WellTimed,FrontFoot,Drive,OffCutter,Over,Medium,Right,Null,NotReferred,Null,False,False,False,False,False,True,,False,False,False,False,False,False,1,0,0,0,0,False,False,344.0,137.0,Deep Cover
1628509,18,8.44,4,0,0,152,3,4,76050,,39790,The Hundred 2026 – Men,2,1447,Manchester Super Giants Men,931,Trent Rockets Men,8695978,2026-08-16T19:45:33Z,2,88,False,,,,77,Ben Sanderson,671,Heinrich Klaasen,2680,Leus du Plooy,Right,0,0,0,0,,LengthBall,OutsideOff,,None,BackFoot,Dropped,OffCutter,Over,Medium,Right,Null,NotReferred,Null,False,False,False,False,False,True,,False,False,False,False,False,False,0,0,0,0,0,False,False,242.0,38.0,Bowler
1628509,18,8.44,4,0,0,152,3,4,76050,,39790,The Hundred 2026 – Men,2,1447,Manchester Super Giants Men,931,Trent Rockets Men,8695979,2026-08-16T19:46:07Z,3,89,False,,,,77,Ben Sanderson,671,Heinrich Klaasen,2680,Leus du Plooy,Right,2,0,2,2,,LengthBall,MiddleStump,,WellTimed,BacksAway,Drive,NoMovement,Over,Medium,Right,Null,NotReferred,Null,False,False,False,False,True,True,,False,False,False,False,False,False,2,0,0,0,0,False,False,218.0,132.0,Deep Extra Cover
1628509,18,8.44,4,0,0,152,3,4,76050,,39790,The Hundred 2026 – Men,2,1447,Manchester Super Giants Men,931,Trent Rockets Men,8695980,2026-08-16T19:46:44Z,4,90,False,,,,77,Ben Sanderson,671,Heinrich Klaasen,2680,Leus du Plooy,Right,1,0,1,1,,LengthBall,OutsideOff,,WellTimed,FrontFoot,Drive,OffCutter,Over,Medium,Right,Null,NotReferred,Null,False,False,False,False,False,True,,False,False,False,False,False,False,1,0,0,0,0,False,False,283.0,144.0,Long On
1628509,18,8.44,4,0,0,152,3,4,76050,,39790,The Hundred 2026 – Men,2,1447,Manchester Super Giants Men,931,Trent Rockets Men,8695981,2026-08-16T19:47:24Z,5,91,False,,,,77,Ben Sanderson,2680,Leus du Plooy,671,Heinrich Klaasen,Left,0,0,0,0,,LengthBall,MiddleStump,,None,BackFoot,Pushed,NoMovement,Over,Medium,Right,Null,NotReferred,Null,False,False,False,False,False,True,,False,False,False,False,False,False,0,0,0,0,0,False,False,325.0,57.0,Extra Cover
1628510,19,8.21,4,2,0,156,5,4,76050,,39790,The Hundred 2026 – Men,2,1447,Manchester Super Giants Men,931,Trent Rockets Men,8695982,2026-08-16T19:48:27Z,1,92,False,,,,574,Mohammad Amir,671,Heinrich Klaasen,2680,Leus du Plooy,Right,4,0,4,4,,Short,DownLeg,,Middled,BackFoot,Pull,NoMovement,Over,FastSeam,Left,Null,NotReferred,Null,False,False,False,False,True,True,,False,False,False,False,False,False,4,0,0,0,0,True,False,340.0,173.0,
1628510,19,8.21,4,2,0,156,5,4,76050,,39790,The Hundred 2026 – Men,2,1447,Manchester Super Giants Men,931,Trent Rockets Men,8695983,2026-08-16T19:48:59Z,2,93,False,,,,574,Mohammad Amir,671,Heinrich Klaasen,2680,Leus du Plooy,Right,0,0,0,0,,LengthBall,DownLeg,,MisTimed,BackFoot,Drive,OffCutter,Over,FastSeam,Left,Null,NotReferred,Null,False,False,False,False,False,True,,False,False,False,False,False,False,0,0,0,0,0,False,False,288.0,84.0,Mid On
1628510,19,8.21,4,2,0,156,5,4,76050,,39790,The Hundred 2026 – Men,2,1447,Manchester Super Giants Men,931,Trent Rockets Men,8695984,2026-08-16T19:49:27Z,3,94,True,Caught,671.0,Heinrich Klaasen,574,Mohammad Amir,671,Heinrich Klaasen,2680,Leus du Plooy,Right,0,0,0,0,Caught,Short,DownLeg,Caught,MisTimed,BackFoot,Pull,NoMovement,Over,FastSeam,Left,Null,NotReferred,Null,False,False,False,False,False,True,1812.0,False,False,False,False,False,False,0,0,0,0,0,False,True,325.0,140.0,Deep Mid Wicket
1628510,19,8.21,4,2,0,156,5,4,76050,,39790,The Hundred 2026 – Men,2,1447,Manchester Super Giants Men,931,Trent Rockets Men,8695985,2026-08-16T19:50:59Z,4,95,False,,,,574,Mohammad Amir,3693,Michael Bracewell,2680,Leus du Plooy,Left,0,0,0,0,,LengthBall,OutsideOff,,None,BackFoot,Pushed,NoMovement,Over,FastSeam,Left,Null,NotReferred,Null,False,False,False,False,False,True,,False,False,False,False,False,False,0,0,0,0,0,False,False,346.0,64.0,Cover
1628510,19,8.21,4,2,0,156,5,4,76050,,39790,The Hundred 2026 – Men,2,1447,Manchester Super Giants Men,931,Trent Rockets Men,8695986,2026-08-16T19:51:30Z,5,96,True,Lbw,3693.0,Michael Bracewell,574,Mohammad Amir,3693,Michael Bracewell,2680,Leus du Plooy,Left,0,0,0,0,LBW,LengthBall,OutsideOff,Lbw,HitPad,MovesInfront,Flick,NoMovement,Over,FastSeam,Left,Null,OutReviewRetained,Null,False,False,False,False,False,True,1812.0,False,False,False,False,False,True,0,0,0,0,0,False,False,,,
1628511,20,8.1,6,0,0,162,5,6,76050,,39790,The Hundred 2026 – Men,2,1447,Manchester Super Giants Men,931,Trent Rockets Men,8695987,2026-08-16T19:54:10Z,1,97,False,,,,77,Ben Sanderson,139,Liam Dawson,2680,Leus du Plooy,Right,0,0,0,0,,LengthBall,OutsideOff,,Missed,DownTheTrack,Pushed,SeamIn,Over,Medium,Right,Null,NotReferred,Null,False,False,False,False,False,True,,False,False,False,False,False,False,0,0,0,0,0,False,False,,,Wicketkeeper
1628511,20,8.1,6,0,0,162,5,6,76050,,39790,The Hundred 2026 – Men,2,1447,Manchester Super Giants Men,931,Trent Rockets Men,8695988,2026-08-16T19:54:46Z,2,98,False,,,,77,Ben Sanderson,139,Liam Dawson,2680,Leus du Plooy,Right,0,0,0,0,,LengthBall,OutsideOff,,Missed,FrontFoot,Slog,NoMovement,Over,Medium,Right,Null,NotReferred,Null,False,False,False,False,False,True,,False,False,False,False,False,False,0,0,0,0,0,False,False,,,Wicketkeeper
1628511,20,8.1,6,0,0,162,5,6,76050,,39790,The Hundred 2026 – Men,2,1447,Manchester Super Giants Men,931,Trent Rockets Men,8695989,2026-08-16T19:55:33Z,3,99,False,,,,77,Ben Sanderson,139,Liam Dawson,2680,Leus du Plooy,Right,6,0,6,6,,LengthBall,OutsideOff,,Middled,FrontFoot,Slog,NoMovement,Over,Medium,Right,Null,NotReferred,Null,False,False,False,False,True,True,,False,False,False,False,False,False,6,0,0,0,0,True,False,338.0,174.0,
